"unique_id","month","month_text","province","district","territory","locality","ppl_killed","adults_kidnapped","infants_kidnapped"
1,"10-Jun","June-2010","Orientale","Haut-Uele","Dungu","Kalawa",0,0,0
2,"10-Jun","June-2010","Orientale","Haut-Uele","Dungu","Tolo",0,,3
3,"10-Jun","June-2010","Orientale","Haut-Uele","Dungu","Li-nakofu",0,0,0
4,"10-Jun","June-2010","Orientale","Haut-Uele","Dungu","Makusa",0,0,0
5,"10-Jun","June-2010","Orientale","Haut-Uele","Dungu","Kiliwa",0,0,1
6,"10-Jun","June-2010","Orientale","Haut-Uele","Dungu","Nangume",0,0,0
7,"10-Jun","June-2010","Orientale","Haut-Uele","Dungu","Nakale",0,0,0
8,"10-Jun","June-2010","Orientale","Haut-Uele","Dungu","Limay/Kiliwa",0,0,0
9,"10-Jun","June-2010","Orientale","Haut-Uele","Dungu","Pasy (ouest de Panagbala vers la RCA)",0,0,0
10,"10-Jun","June-2010","Orientale","Haut-Uele","Dungu","Nakwakanza",0,0,0
11,"10-Jun","June-2010","Orientale","Haut-Uele","Dungu","Bangadi",0,0,0
12,"10-Jan","January-2010","Orientale","Haut-Uele","Dungu","Nangbende (5 km NO de Bamokandi)",0,0,0
13,"10-Jan","January-2010","Orientale","Haut-Uele","Dungu","Suka (35 km S de Bangadi)",3,13,0
14,"10-Jan","January-2010","Orientale","Haut-Uele","Dungu","Kakalika (3 km N de l aero MONUC)",0,2,0
15,"10-Jan","January-2010","Orientale","Haut-Uele","Dungu","Route 4 (100 km E de Dungu)",0,0,0
16,"10-Jan","January-2010","Orientale","Haut-Uele","Dungu","Nagilidangwa (37 km S de Bangadi)",4,2,3
17,"10-Jan","January-2010","Orientale","Haut-Uele","Dungu","Nambiongo (20 km N de Dungu)",1,0,0
18,"10-Jan","January-2010","Orientale","Haut-Uele","Dungu","Bayote (25 km E de Ngilima)",2,0,1
19,"10-Jan","January-2010","Orientale","Haut-Uele","Dungu","Mangba (7 km E de Naango)",0,0,0
20,"10-Jan","January-2010","Orientale","Haut-Uele","Dungu","Kiliwa (45 km N de Dungu)",0,0,0
21,"10-Jan","January-2010","Orientale","Haut-Uele","Dungu","Kitili (5 km NO de Ngilima)",0,0,0
22,"10-Jan","January-2010","Orientale","Haut-Uele","Dungu","Diagbe (35 NO de Bangadi)",1,0,0
23,"10-Jan","January-2010","Orientale","Haut-Uele","Dungu","Napusi (2 km N de Bamokandi)",5,0,0
24,"10-Jan","January-2010","Orientale","Haut-Uele","Dungu","Kakalika (3 km N de l aero MONUC)",2,0,0
25,"10-Jan","January-2010","Orientale","Haut-Uele","Dungu","Nakpudu (7 km NE de l aero MONUC)",1,0,0
26,"10-Jan","January-2010","Orientale","Haut-Uele","Dungu","Buye (55 km NE de Banda)",4,0,0
27,"10-Jan","January-2010","Orientale","Haut-Uele","Dungu","Nagonyo (5 km NO de Bamokandi)",2,0,0
28,"10-Jan","January-2010","Orientale","Haut-Uele","Dungu","Naguga (11 km N de Bamokandi)",0,1,1
29,"10-Jan","January-2010","Orientale","Haut-Uele","Dungu","Nanvii (5 km N de Bamokandi)",0,1,0
30,"10-Jan","January-2010","Orientale","Haut-Uele","Dungu","Kilikili (3 km N de Bamokandi)",0,0,0
31,"10-Jan","January-2010","Orientale","Haut-Uele","Dungu","Pudupudu (27 km NO de Dungu)",2,0,1
32,"10-Jan","January-2010","Orientale","Haut-Uele","Dungu","Lanzi (5 km N de Dungu)",0,0,0
33,"10-Jan","January-2010","Orientale","Haut-Uele","Dungu","Nasala (109 km E de Dungu)",0,0,0
34,"10-Jan","January-2010","Orientale","Haut-Uele","Dungu","Limayi (25 km N de Dungu)",2,0,0
35,"10-Jan","January-2010","Orientale","Haut-Uele","Niangara","Quartier Zande (3 km N de la ville de Niangara)",2,0,0
36,"10-Jan","January-2010","Orientale","Bas-Uele","Poko","Mburu (24 km E d Amadi)",0,4,0
37,"10-Feb","February-2010","Orientale","Haut-Uele","Dungu","Nabiapay (135 km N de Dungu)",0,2,0
38,"10-Feb","February-2010","Orientale","Haut-Uele","Dungu","Limay (25 km N de Dungu)",1,0,0
39,"10-Feb","February-2010","Orientale","Haut-Uele","Dungu","Sambia (140 km E de Dungu)",0,0,1
40,"10-Feb","February-2010","Orientale","Haut-Uele","Dungu","Kpaika (75 km N de Dungu)",0,0,2
41,"10-Feb","February-2010","Orientale","Haut-Uele","Niangara","Munuku (35 km O Nambia et 10 km E Kpanga)",24,0,0
42,"10-Feb","February-2010","Orientale","Haut-Uele","Niangara","Kpanga (45 km O Nambia)",7,0,0
43,"10-Feb","February-2010","Orientale","Haut-Uele","Niangara","Mapi (5 km O Kpanga)",16,0,0
44,"10-Feb","February-2010","Orientale","Haut-Uele","Niangara","Kpuru (7 km from Suronga, 18 km NO Mabanga Yatalo, 8 km from Mapi, on SE side of Mbwele river and NE side of Uele river)",7,5,25
45,"10-Feb","February-2010","Orientale","Haut-Uele","Niangara","Entre Kpuru et Mapi",2,10,0
46,"10-Feb","February-2010","Orientale","Haut-Uele","Niangara","Source Tende (5 km from Kpuru on the Mbwele River)",4,,0
47,"10-Feb","February-2010","Orientale","Haut-Uele","Niangara","NE de Mapi le long de la riviere Mbwele",5,20,0
48,"10-Feb","February-2010","Orientale","Haut-Uele","Niangara","NE de Mapi le long de la riviere Mbwele",4,0,0
49,"10-Feb","February-2010","Orientale","Haut-Uele","Niangara","NE de Mapi le long de la riviere Mbwele",2,0,0
50,"10-Feb","February-2010","Orientale","Haut-Uele","Niangara","NE de Mapi le long de la riviere Mbwele",1,0,0
51,"10-Feb","February-2010","Orientale","Haut-Uele","Niangara","NE de Mapi le long de la riviere Mbwele",2,0,0
52,"10-Feb","February-2010","Orientale","Bas-Uele","Ango","Dakwa (85 km E d Ango)",,4,0
53,"10-Feb","February-2010","Orientale","Bas-Uele","Ango","Dakwa (85 km E d Ango)",2,0,0
54,"10-Feb","February-2010","Orientale","Bas-Uele","Ango","Le long de la Riviere Mbomu a la frontiere RDC - RCA",2,2,0
55,"10-Mar","March-2010","Orientale","Haut-Uele","Dungu","Yabua ( 8 km O de Bangadi)",1,,
56,"10-Mar","March-2010","Orientale","Haut-Uele","Dungu","Badolo (9 km NO de Bangadi",2,,
57,"10-Mar","March-2010","Orientale","Haut-Uele","Dungu","Yabua ( 8 km O de Bangadi",2,,
58,"10-Mar","March-2010","Orientale","Haut-Uele","Dungu","Nangwa (18 km NO de Bangadi)",1,,
59,"10-Mar","March-2010","Orientale","Haut-Uele","Dungu","Yabua ( 8 km O de Bangadi",1,,
60,"10-Mar","March-2010","Orientale","Haut-Uele","Dungu","Bilisi (13 km E de Bangadi)",1,,
61,"10-Mar","March-2010","Orientale","Haut-Uele","Dungu","Malingbundu (8 km E de Bangadi)",2,,
62,"10-Mar","March-2010","Orientale","Haut-Uele","Dungu","Makusara (25 km SO de Ngilima)",3,,19
63,"10-Mar","March-2010","Orientale","Haut-Uele","Dungu","Yamba (15 km S de Bangadi)",1,,
64,"10-Mar","March-2010","Orientale","Haut-Uele","Dungu","Ndorenzi (18 km N de Duru)",5,1,
65,"10-Mar","March-2010","Orientale","Haut-Uele","Dungu","Kpanangbala (60 km NO de Doruma)",,,
66,"10-Mar","March-2010","Orientale","Haut-Uele","Dungu","Lindimbia (25 km NO de Bangadi)",2,,
67,"10-Mar","March-2010","Orientale","Haut-Uele","Dungu","Madudu (12 km E de Bangadi)",3,,
68,"10-Mar","March-2010","Orientale","Haut-Uele","Dungu","Nambia (5 km S de Duru)",3,2,
69,"10-Mar","March-2010","Orientale","Haut-Uele","Dungu","Badolo (9 km NO de Bangadi)",3,1,
70,"10-Mar","March-2010","Orientale","Haut-Uele","Dungu","Limay (25 km N de Dungu)",,,1
71,"10-Mar","March-2010","Orientale","Haut-Uele","Dungu","Makusa (28 km N de Bangadi)",3,1,
72,"10-Mar","March-2010","Orientale","Haut-Uele","Dungu","Gangu (102 km E de Dungu – Route Fardaje)",1,,
73,"10-Mar","March-2010","Orientale","Haut-Uele","Dungu","Makusa (28 km N de Bangadi)",1,,
74,"10-Mar","March-2010","Orientale","Haut-Uele","Dungu","Mapusa (24 km NO de Doruma)",3,2,
75,"10-Mar","March-2010","Orientale","Haut-Uele","Dungu","Linakofo (500 m N de l aero MONUC)",1,2,2
76,"10-Apr","April-2010","Orientale","Haut-Uele","Dungu","Kpaika (65 km N de Dungu)",,,
77,"10-Apr","April-2010","Orientale","Haut-Uele","Dungu","Nakpudu (7 km S de Bangadi)",1,,
78,"10-Apr","April-2010","Orientale","Haut-Uele","Dungu","Sambia (140 km E de Dungu)",1,,12
79,"10-Apr","April-2010","Orientale","Haut-Uele","Dungu","Kpaika (65 km N de Dungu)",,,2
80,"10-Apr","April-2010","Orientale","Haut-Uele","Dungu","Ariwara Moke (110 km SE de Dungu)",,,
81,"10-Apr","April-2010","Orientale","Haut-Uele","Dungu","Tongo (10 km NO de Limay)",1,3,2
82,"10-Apr","April-2010","Orientale","Haut-Uele","Dungu","Nawangu (5 km S de Doruma)",,1,
83,"10-Apr","April-2010","Orientale","Haut-Uele","Dungu","Naïsa (7 km S de Doruma)",,1,
84,"10-Apr","April-2010","Orientale","Haut-Uele","Dungu","Milagbe (12 km S de Doruma)",,1,
85,"10-Apr","April-2010","Orientale","Haut-Uele","Dungu","Kpaika (65 km N de Dungu)",,,2
86,"10-Apr","April-2010","Orientale","Haut-Uele","Dungu","Nakpudu (7 km S de Bangadi)",,2,
87,"10-Apr","April-2010","Orientale","Haut-Uele","Dungu","Lidunde (45 km NO de Bangadi",2,,
88,"10-Apr","April-2010","Orientale","Haut-Uele","Dungu","Yabua (8 km O de Bangadi)",1,,
89,"10-Apr","April-2010","Orientale","Haut-Uele","Niangara","Nambia (15 km N de Niangara)",2,,1
90,"10-Apr","April-2010","Orientale","Haut-Uele","Niangara","Quatier Zande (2 km N de Niangara)",,,1
91,"10-Apr","April-2010","Orientale","Haut-Uele","Niangara","Bamunga (8 km N de Niangara)",1,,
92,"10-May","May-2010","Orientale","Haut-Uele","Dungu","Nandike (15 km NO Bangadi)",,1,
93,"10-May","May-2010","Orientale","Haut-Uele","Dungu","Dika (40 km NO Bangadi)",2,,
94,"10-May","May-2010","Orientale","Haut-Uele","Dungu","Kiliwa (45 km N Dungu)",2,,
95,"10-May","May-2010","Orientale","Haut-Uele","Dungu","Kiliwa (45 km N Dungu)",,,
96,"10-May","May-2010","Orientale","Haut-Uele","Dungu","Nabagu (10 km O de Kapili)",,,
97,"10-May","May-2010","Orientale","Haut-Uele","Dungu","Nambili (10 km SE de Kapili)",,,
98,"10-May","May-2010","Orientale","Haut-Uele","Dungu","Naguga (18 km N de Dungu)",2,,
99,"10-May","May-2010","Orientale","Haut-Uele","Dungu","Babile (10 km S de Duru)",4,1,
100,"10-May","May-2010","Orientale","Haut-Uele","Dungu","Nandike (15 km NO de Bangadi)",1,,
101,"10-May","May-2010","Orientale","Haut-Uele","Dungu","Yamba (15 km S Bangadi)",3,,
102,"10-May","May-2010","Orientale","Haut-Uele","Dungu","Bangadi (125 km NO de Dungu)",,,
103,"10-May","May-2010","Orientale","Haut-Uele","Dungu","Naango (40 km NO de Dungu)",,,
104,"10-May","May-2010","Orientale","Bas-Uele","Ango","Bayule (55 km SO Ango)",,,
105,"10-Jul","July-2010","Orientale","Haut-Uele","Dungu","Bagugu (15 km N de Doruma)",,,
106,"10-Jul","July-2010","Orientale","Haut-Uele","Dungu","Milagbe (12 km SE de Doruma)",1,11,3
107,"10-Jul","July-2010","Orientale","Haut-Uele","Dungu","Mogoloko (20 km N de Duru)",,,
108,"10-Jul","July-2010","Orientale","Haut-Uele","Dungu","Nangondi (80 km E Dungu route Faradje)",,,
109,"10-Jul","July-2010","Orientale","Haut-Uele","Dungu","Akalingo (2 km SE de Ngilima)",3,,
110,"10-Jul","July-2010","Orientale","Haut-Uele","Dungu","Yamba (10 km S de Bangadi)",,,
111,"10-Jul","July-2010","Orientale","Haut-Uele","Dungu","Taduru (20 km NO Li-Mayi)",,,
112,"10-Jul","July-2010","Orientale","Haut-Uele","Dungu","Naango ",,,
113,"10-Jul","July-2010","Orientale","Haut-Uele","Dungu","Babile (20 km S de Duru",,,
114,"10-Jul","July-2010","Orientale","Haut-Uele","Dungu","Yabinzo (35 km NE de Bangadi)",,,
115,"10-Jul","July-2010","Orientale","Haut-Uele","Dungu","Bitima (25 N de Duru)",,,
116,"10-Jul","July-2010","Orientale","Haut-Uele","Dungu","PK 16 NE de Bangadi",,,
117,"10-Jul","July-2010","Orientale","Haut-Uele","Dungu","Napopo (25 km NE de Bangadi)",,,
118,"10-Jul","July-2010","Orientale","Haut-Uele","Dungu","Kapili (75 km NO de Dungu)",,4,2
119,"10-Jul","July-2010","Orientale","Haut-Uele","Dungu","Naweneangwa (30 km N de Ngilima)",,,
120,"10-Jul","July-2010","Orientale","Haut-Uele","Dungu","Bitima (25 N de Duru)",,,
121,"10-Jul","July-2010","Orientale","Haut-Uele","Dungu","Nadogolo (25 km NO Dungu)",2,,
122,"10-Jul","July-2010","Orientale","Haut-Uele","Dungu","1 km SO de Ngilima",,,
123,"10-Jul","July-2010","Orientale","Haut-Uele","Faradje","Gbere (55 km N de Faradje",,,3
124,"10-Jul","July-2010","Orientale","Haut-Uele","Faradje","Lalibe (7 km N de Faradje)",,1,1
125,"10-Jul","July-2010","Orientale","Haut-Uele","Faradje","Mala (5 km S de Faradje)",1,,
126,"10-Jul","July-2010","Orientale","Haut-Uele","Faradje","Bava (27 km S de Faradje)",,,
127,"10-Jul","July-2010","Orientale","Haut-Uele","Faradje","Mandramandra (28 km S de Tadu)",1,,
128,"10-Jul","July-2010","Orientale","Haut-Uele","Niangara","Nangele (30 km N de Niangara)",1,,
129,"10-Jul","July-2010","Orientale","Haut-Uele","Niangara","Bamunga (8 km N de Naingara)",1,,
130,"10-Jul","July-2010","Orientale","Haut-Uele","Niangara","Nambia (15 km N de Niangara)",1,,
131,"10-Jul","July-2010","Orientale","Haut-Uele","Niangara","Tuku (30 km NO de Niangara)",2,,
132,"10-Aug","August-2010","Orientale","Haut-Uele","Dungu","Taduru (20 km NO Li-Mayi)",3,,
133,"10-Aug","August-2010","Orientale","Haut-Uele","Dungu","Kana (25 km SE de Bangadi)",4,,
134,"10-Aug","August-2010","Orientale","Haut-Uele","Dungu","Milagbe (12 km S de Doruma)",,1,
135,"10-Aug","August-2010","Orientale","Haut-Uele","Dungu","Ngilima (45 km NO de Dungu)",1,,
136,"10-Aug","August-2010","Orientale","Haut-Uele","Dungu","ITAB (7 km E de Bangadi)",,2,
137,"10-Aug","August-2010","Orientale","Haut-Uele","Dungu","CCB (5 km SE de Bangadi)",2,,3
138,"10-Aug","August-2010","Orientale","Haut-Uele","Dungu","Diagbe (35 km NO de Bangadi)",,2,
139,"10-Aug","August-2010","Orientale","Haut-Uele","Dungu","Kumbari (4 km de Bangadi)",1,1,
140,"10-Aug","August-2010","Orientale","Haut-Uele","Dungu","Mbiangu (7 km NO de Kapili)",,4,
141,"10-Aug","August-2010","Orientale","Haut-Uele","Dungu","30 km NE de Bangadi",,1,
142,"10-Aug","August-2010","Orientale","Haut-Uele","Dungu","Kana (25 km SE de Bangadi)",,8,
143,"10-Aug","August-2010","Orientale","Haut-Uele","Dungu","Nangondi (80 km E de Dungu)",,1,
144,"10-Aug","August-2010","Orientale","Haut-Uele","Dungu","3 km SE de Duru",3,4,
145,"10-Aug","August-2010","Orientale","Haut-Uele","Dungu","7 km SE de Duru",1,,
146,"10-Aug","August-2010","Orientale","Haut-Uele","Dungu","8 km O de Mala (7 km S de Faradje)",1,,
147,"10-Aug","August-2010","Orientale","Bas-Uele","Ango","12 km O de Banda",12,,
148,"10-Sep","September-2010","Orientale","Haut-Uele","Dungu","Nagbaka (3 km O de Duru)",3,3,
149,"10-Sep","September-2010","Orientale","Haut-Uele","Dungu","Nangume (100 km E de Dungu)",1,,
150,"10-Sep","September-2010","Orientale","Haut-Uele","Dungu","Naango (40 km NO de Dungu)",4,4,
151,"10-Sep","September-2010","Orientale","Haut-Uele","Dungu","Taduru (20 km NO de Limay)",2,,
152,"10-Sep","September-2010","Orientale","Haut-Uele","Dungu","Liakanga (15 km SO de Ngilima)",1,,
153,"10-Sep","September-2010","Orientale","Haut-Uele","Dungu","Taduru (20 km NO de Limay)",2,,1
154,"10-Sep","September-2010","Orientale","Haut-Uele","Dungu","Nduga a 40 Km de Kiliwa, ",,,
155,"10-Sep","September-2010","Orientale","Haut-Uele","Dungu","Naango (40 km NO de Dungu)",1,,1
156,"10-Sep","September-2010","Orientale","Haut-Uele","Dungu","Zangaime (4  km N de Bangadi)",,1,1
157,"10-Sep","September-2010","Orientale","Haut-Uele","Dungu","Gongolo (18 km NO de Ngilima)",,5,
158,"10-Sep","September-2010","Orientale","Haut-Uele","Dungu","Route 4 (110 km E de Dungu)",,3,
159,"10-Sep","September-2010","Orientale","Haut-Uele","Dungu","Kpegba (7km de Ngilima Nord-Est)",,12,
160,"10-Sep","September-2010","Orientale","Haut-Uele","Dungu","Talu (3Km, Est de Ngilima). Une femme a ete enlevee.",,1,
161,"10-Sep","September-2010","Orientale","Haut-Uele","Dungu",,2,1,1
162,"10-Sep","September-2010","Orientale","Haut-Uele","Dungu","Kpaika (65 km N de Dungu)",,,1
163,"10-Sep","September-2010","Orientale","Haut-Uele","Dungu","Nambia (5 km S de Duru)",1,3,
164,"10-Sep","September-2010","Orientale","Haut-Uele","Dungu","Zikilingi (30 km NO de Bangadi)",1,,
165,"10-Sep","September-2010","Orientale","Haut-Uele","Dungu","Diagbe (35 km NO de Bangadi)",1,,2
166,"10-Sep","September-2010","Orientale","Haut-Uele","Dungu","2 km S de Ngilima",1,1,
167,"10-Sep","September-2010","Orientale","Haut-Uele","Faradje","PR7S DE Kurukwata (45 km E de Faradje)",,,
168,"10-Sep","September-2010","Orientale","Haut-Uele","Faradje","Sidabo (19 km  NO de Faradje)",,,2
169,"10-Sep","September-2010","Orientale","Haut-Uele","Niangara","Nambia (15 km N de Niangara)",,2,2
170,"10-Sep","September-2010","Orientale","Haut-Uele","Niangara","Wawe (3 km N de Niangara)",,1,
171,"10-Sep","September-2010","Orientale","Bas-Uele","Poko","Mamili (30 km N Amadi)",,,
172,"10-Sep","September-2010","Orientale","Bas-Uele","Poko","Epi (55 km N Amadi)",,,
173,"10-Oct","October-2010","Orientale","Haut-Uele","Dungu","Manzagala (12 km N de Doruma",,,
174,"10-Oct","October-2010","Orientale","Haut-Uele","Dungu","Nambili (22 km NO de Ngilima)",1,,
175,"10-Oct","October-2010","Orientale","Haut-Uele","Dungu","Lidunde (35 km SE de Doruma)",,,
176,"10-Oct","October-2010","Orientale","Haut-Uele","Dungu","Kana (25 km SE de Bangadi)",,,1
177,"10-Oct","October-2010","Orientale","Haut-Uele","Dungu","Napopo (25 km NE de Bangadi)",,,
178,"10-Oct","October-2010","Orientale","Haut-Uele","Dungu","Namama (20 km NE de Bangadi)",1,,
179,"10-Oct","October-2010","Orientale","Haut-Uele","Dungu","Manzagala (10 km SE de Bangadi)",1,,
180,"10-Oct","October-2010","Orientale","Haut-Uele","Dungu","Li-Ika (30 km NO de Dungu)",,,
181,"10-Oct","October-2010","Orientale","Haut-Uele","Dungu","Duru (1,5 km N de Duru)",1,,
182,"10-Oct","October-2010","Orientale","Haut-Uele","Dungu","Kpegba (7 km N de Ngilima",,,
183,"10-Oct","October-2010","Orientale","Haut-Uele","Dungu","Diagbe",,,
184,"10-Oct","October-2010","Orientale","Haut-Uele","Dungu","Nangbalama (13 km NE de Bangadi)",1,,
185,"10-Oct","October-2010","Orientale","Haut-Uele","Niangara","Nambia (15 km N de Niangara)",3,,
186,"10-Oct","October-2010","Orientale","Haut-Uele","Niangara","Kasia (3 km S de Nambia)",,,
187,"10-Oct","October-2010","Orientale","Haut-Uele","Niangara","35 km NE de Nambia",1,,
188,"10-Nov","November-2010","Orientale","Haut-Uele","Dungu","13 km SE de Bangadi",1,,
189,"10-Nov","November-2010","Orientale","Haut-Uele","Dungu","13 km SE de Bangadi",,,
190,"10-Nov","November-2010","Orientale","Haut-Uele","Dungu","Kumbari (4 km SE de Bangadi)",,,3
191,"10-Nov","November-2010","Orientale","Haut-Uele","Dungu","Ngilima",,,1
192,"10-Nov","November-2010","Orientale","Haut-Uele","Dungu","Nambia (5 km S de Duru",,,
193,"10-Nov","November-2010","Orientale","Haut-Uele","Dungu","2 km O de Nagero",,,
194,"10-Nov","November-2010","Orientale","Haut-Uele","Dungu","Route 4 (110 km E de Dungu)",1,,
195,"10-Nov","November-2010","Orientale","Haut-Uele","Dungu","Sambia (140 km E de Dungu)",1,2,
196,"10-Nov","November-2010","Orientale","Haut-Uele","Dungu","Ngilima (45 km NO de Dungu)",,1,
197,"10-Nov","November-2010","Orientale","Haut-Uele","Dungu","Solo (12 km NO de Duru)",,,
198,"10-Nov","November-2010","Orientale","Haut-Uele","Dungu","Sambia (140 km E de Dungu)",,,
199,"10-Nov","November-2010","Orientale","Haut-Uele","Dungu","200 m au N de la Paroisse de Duru",,,
200,"10-Nov","November-2010","Orientale","Haut-Uele","Faradje","Lema pres de Djabir",,,
201,"10-Nov","November-2010","Orientale","Haut-Uele","Niangara","Nambia (15 km N de Niangara)",,,
202,"10-Nov","November-2010","Orientale","Haut-Uele","Niangara","Nambia (15 km N de Niangara)",,,
203,"10-Nov","November-2010","Orientale","Bas-Uele","Ango","Dikuma (30 km E de dakwa",,,5
204,"10-Dec","December-2010","Orientale","Haut-Uele","Dungu","Dungu-Mayi (5 km N de Dungu)",,,1
205,"10-Dec","December-2010","Orientale","Haut-Uele","Dungu","Nabiapay (32 Km NO de Duru)",,2,
206,"10-Dec","December-2010","Orientale","Haut-Uele","Dungu","Linakofo (10 km N de Dungu)",,,2
207,"10-Dec","December-2010","Orientale","Haut-Uele","Dungu","Limay (25 km N de Dungu)",,1,2
208,"10-Dec","December-2010","Orientale","Haut-Uele","Dungu","Tingulu (40 km SE de Doruma, entre Diebio et Diagbe)",4,,
209,"10-Dec","December-2010","Orientale","Haut-Uele","Dungu","Kpanangbala (60 km NO de Doruma)",,18,
210,"10-Dec","December-2010","Orientale","Haut-Uele","Dungu","Anduala (15 km NE de Ngilima)",,1,
211,"10-Dec","December-2010","Orientale","Haut-Uele","Dungu","Anduala (15 km E de Ngilima)",1,,
212,"10-Dec","December-2010","Orientale","Haut-Uele","Dungu","3 km SE de Ngilima",,,
213,"10-Dec","December-2010","Orientale","Haut-Uele","Dungu","Ngilima",1,,
214,"10-Dec","December-2010","Orientale","Haut-Uele","Faradje","Kpodo (12 km S de Faradje )",,2,
215,"10-Dec","December-2010","Orientale","Haut-Uele","Faradje","Ima (9km d Aba)",,1,
216,"10-Dec","December-2010","Orientale","Bas-Uele","Ango","3 km au N de Banda",,3,
217,"11-Jan","January-2011","Orientale","Haut-Uele","Dungu","Anduala (15 km NE de Ngilima)",1,1,
218,"11-Jan","January-2011","Orientale","Haut-Uele","Dungu","A 50 km au NO de Kpanangbala (60 km NO de Doruma)",,,
219,"11-Jan","January-2011","Orientale","Haut-Uele","Dungu","Gangu (90 km E de Dungu)",1,1,
220,"11-Jan","January-2011","Orientale","Haut-Uele","Dungu","Nangbalama (10 km N de Doruma)",,,2
221,"11-Jan","January-2011","Orientale","Haut-Uele","Dungu","Nangume (100 km E de Dungu)",,,
222,"11-Jan","January-2011","Orientale","Haut-Uele","Dungu","Anduala (15 km NE de Ngilima)",1,1,
223,"11-Jan","January-2011","Orientale","Haut-Uele","Dungu","Milagbe (12 km SE de Doruma)",,2,5
224,"11-Jan","January-2011","Orientale","Haut-Uele","Dungu","Nangbalama (10 km N de Doruma)",,,
225,"11-Jan","January-2011","Orientale","Haut-Uele","Dungu","Gangu (90 km E de Dungu)",,1,
226,"11-Jan","January-2011","Orientale","Haut-Uele","Dungu","Ndorenzi (18 km NO de Duru)",,,
227,"11-Jan","January-2011","Orientale","Haut-Uele","Dungu","Nabiapay (32 km NO de Duru)",,,
228,"11-Jan","January-2011","Orientale","Haut-Uele","Dungu","Mbiangu (35 km SE de Bangadi)",1,,
229,"11-Jan","January-2011","Orientale","Haut-Uele","Dungu","Nangbalama (10 km N de Doruma)",,,
230,"11-Jan","January-2011","Orientale","Haut-Uele","Dungu","Naparka (60 km O de Doruma)",,,2
231,"11-Jan","January-2011","Orientale","Haut-Uele","Dungu","A 50 km au NO de Kpanangbala (60 km NO de Doruma)",,,
232,"11-Jan","January-2011","Orientale","Haut-Uele","Dungu","Milagbe (12 km SE de Doruma)",3,,
233,"11-Jan","January-2011","Orientale","Haut-Uele","Dungu","Gongolo (12 km NO de Ngilima)",,,
234,"11-Jan","January-2011","Orientale","Haut-Uele","Dungu","Ngilima",,,
235,"11-Jan","January-2011","Orientale","Haut-Uele","Dungu","Milagbe (12 km SE de Doruma)",,,
236,"11-Jan","January-2011","Orientale","Haut-Uele","Dungu","Nangume (100 km E de Dungu)",1,,
237,"11-Jan","January-2011","Orientale","Haut-Uele","Dungu","Nambili (22 km NO Ngilima)",3,1,
238,"11-Jan","January-2011","Orientale","Haut-Uele","Dungu","Gangala (85 Km, Est Dungu)",2,,
239,"11-Jan","January-2011","Orientale","Haut-Uele","Dungu","Gangala (85 Km, Est Dungu)",,,
240,"11-Jan","January-2011","Orientale","Haut-Uele","Dungu","Kaka1 (15 km NO Dungu),",,,
241,"11-Jan","January-2011","Orientale","Haut-Uele","Faradje","Udu (32 km O d Aba)",2,,5
242,"11-Jan","January-2011","Orientale","Haut-Uele","Faradje","Birichai (20 km O d Aba)",,,4
243,"11-Jan","January-2011","Orientale","Haut-Uele","Faradje","Ozowa (20 km O d Aba)",,,
244,"11-Jan","January-2011","Orientale","Haut-Uele","Faradje","Akampane (10 km SE de Faradje) ",,,
245,"11-Feb","February-2011","Orientale","Haut-Uele","Dungu","Doruma (210 Km N Dungu),",,,
246,"11-Feb","February-2011","Orientale","Haut-Uele","Dungu","Limai (25 Km N Dungu",,1,
247,"11-Feb","February-2011","Orientale","Haut-Uele","Dungu","Nakale (12Km N de Duru)",,,
248,"11-Feb","February-2011","Orientale","Haut-Uele","Dungu","Udu (20 km E de Faradje)",,1,1
249,"11-Feb","February-2011","Orientale","Haut-Uele","Dungu","Yabinzo (35 Km NE de Bangadi). ",,,
250,"11-Feb","February-2011","Orientale","Haut-Uele","Dungu","Nangume 108 Km E Dungu, route Faradje. ",,,
251,"11-Feb","February-2011","Orientale","Haut-Uele","Dungu","Pont Nangume (100 Km de Dungu), ",,6,
252,"11-Feb","February-2011","Orientale","Haut-Uele","Dungu","Bayote (25 Km O Bitima, Nord de Dungu) ",3,,1
253,"11-Feb","February-2011","Orientale","Haut-Uele","Dungu","Bamokandji (6 Km Dungu, route Ngilima)",,1,
254,"11-Feb","February-2011","Orientale","Haut-Uele","Dungu","Nakubu (3 km E de Limay)",,,
255,"11-Feb","February-2011","Orientale","Haut-Uele","Dungu","Sambia (140 km E de Dungu)",2,,
256,"11-Feb","February-2011","Orientale","Haut-Uele","Dungu","Sambia (140 km E de Dungu)",,1,
257,"11-Feb","February-2011","Orientale","Haut-Uele","Dungu","Nasala (120 km E de Dungu)",,,
258,"11-Feb","February-2011","Orientale","Haut-Uele","Dungu","Bayote (45 Km au nord de Ngilima)",3,,
259,"11-Feb","February-2011","Orientale","Haut-Uele","Dungu","Aaru (6 km N de Limay)",,,
260,"11-Feb","February-2011","Orientale","Haut-Uele","Dungu","Ngilima (4 km au Nord)",,,
261,"11-Feb","February-2011","Orientale","Haut-Uele","Niangara","Gbaga (45 km a l est de Niangara)",1,1,
262,"11-Feb","February-2011","Orientale","Haut-Uele","Faradje","Motoba (5 km SE Faradje)",,,5
263,"11-Feb","February-2011","Orientale","Haut-Uele","Faradje","2 Km du centre de Faradje",1,,13
264,"11-Feb","February-2011","Orientale","Haut-Uele","Faradje","Kpodo (10 Km S Faradje",1,,
265,"11-Feb","February-2011","Orientale","Haut-Uele","Faradje","Djabir (10 km E de Faradje",1,,3
266,"11-Feb","February-2011","Orientale","Haut-Uele","Faradje","Djabir (10 km E de Faradje",,,
267,"11-Feb","February-2011","Orientale","Bas-Uele","Ango","Ngalu (10 km au Nord d Ango sur la route de Digba)",,14,
268,"11-Feb","February-2011","Orientale","Bas-Uele","Ango","Manguriti (5 km S de Bambangana)",,,
269,"11-Feb","February-2011","Orientale","Bas-Uele","Ango","Bambangana (25 km SE de Banda)",2,,
270,"11-Feb","February-2011","Orientale","Bas-Uele","Ango","Banda",,,2
271,"11-Feb","February-2011","Orientale","Bas-Uele","Ango","Dakwa (85 km E d Ango)",,,3
272,"11-Jan","January-2011","Orientale","Haut-Uele","Faradje","Sidabo",,,
273,"11-Mar","March-2011","Orientale","Haut-Uele","Dungu","Ndorenzi (20 Km N Duru)",,,
274,"11-Mar","March-2011","Orientale","Haut-Uele","Dungu","Quartier Bamokandi",,,
275,"11-Mar","March-2011","Orientale","Haut-Uele","Dungu","6 km E Duru",1,,
276,"11-Mar","March-2011","Orientale","Haut-Uele","Dungu","9 km s-o de Duru",2,,
277,"11-Mar","March-2011","Orientale","Haut-Uele","Dungu","Nasala (125 km E de Dungu)",,,
278,"11-Mar","March-2011","Orientale","Haut-Uele","Dungu","115 km E de Dungu 5 km de Nagero",,,
279,"11-Mar","March-2011","Orientale","Haut-Uele","Dungu","Lindimbia 25 km NO de Bangadi",1,1,
280,"11-Mar","March-2011","Orientale","Haut-Uele","Dungu","Nasala ( 125 km E de Dungu)",,,
281,"11-Mar","March-2011","Orientale","Haut-Uele","Dungu","Nakale (12 km NE de Duru)",,1,
282,"11-Mar","March-2011","Orientale","Haut-Uele","Dungu","Nangume (100 km E de Dungu)",,1,
283,"11-Mar","March-2011","Orientale","Haut-Uele","Dungu","Ndorenzi (20 NO de Duru)",,2,1
284,"11-Mar","March-2011","Orientale","Haut-Uele","Dungu","Nakale (12 km NE de Duru)",,,
285,"11-Mar","March-2011","Orientale","Haut-Uele","Dungu","Nawango (15 km E de Nagero)",,2,1
286,"11-Mar","March-2011","Orientale","Haut-Uele","Dungu","Madungula (12 km O de Ngilima)",,4,
287,"11-Mar","March-2011","Orientale","Haut-Uele","Dungu","Kapili (75 km NO de Dungu)",,5,
288,"11-Mar","March-2011","Orientale","Haut-Uele","Dungu","Nakorda (45 km O de Diagbe)",,10,
289,"11-Mar","March-2011","Orientale","Haut-Uele","Dungu","Gongolo (12 km NO de Ngilima)",,1,1
290,"11-Mar","March-2011","Orientale","Haut-Uele","Dungu","Gangura (3 km N de Nabiapay)",,,
291,"11-Mar","March-2011","Orientale","Haut-Uele","Dungu","Anduala (15 km E de Ngilima)",,1,
292,"11-Mar","March-2011","Orientale","Haut-Uele","Dungu","Nabiapay (32 km NO de Duru)",,,
293,"11-Mar","March-2011","Orientale","Haut-Uele","Dungu","Mapusa (15 km E de Bangadi)",,2,1
294,"11-Mar","March-2011","Orientale","Haut-Uele","Faradje","Morda (8km N Faradje)",,,
295,"11-Mar","March-2011","Orientale","Haut-Uele","Faradje","Gagobe( 7 km au NO de Faradje)",,3,
296,"11-Mar","March-2011","Orientale","Bas-Uele","Ango","Bandueli (45 km N Dingila)",,8,
297,"11-Mar","March-2011","Orientale","Bas-Uele","Ango","Tronçon Banda-Bambangana",,,
298,"11-Mar","March-2011","Orientale","Bas-Uele","Ango","Banda, 75 km de Ango",8,,
299,"11-Apr","April-2011","Orientale","Haut-Uele","Dungu","Ndorenzi(20 km au NO de Duru)",1,,
300,"11-Apr","April-2011","Orientale","Haut-Uele","Dungu","Axe Bangadi-Napopo (+ de 125 km  N Dungu),",,2,
301,"11-Apr","April-2011","Orientale","Haut-Uele","Dungu","Au nord de Bangadi",1,,
302,"11-Apr","April-2011","Orientale","Haut-Uele","Dungu","Naparka a environ 260 km au N-O de Dungu",2,,
303,"11-Apr","April-2011","Orientale","Haut-Uele","Dungu","Gongolo (18 km NO de Ngilima",1,,
304,"11-Apr","April-2011","Orientale","Haut-Uele","Dungu","Doruma (210 km NO de Dungu)",1,,
305,"11-Apr","April-2011","Orientale","Haut-Uele","Dungu","Doruma (210 km NO de Dungu)",,2,
306,"11-Apr","April-2011","Orientale","Haut-Uele","Dungu","Nambia (5 km S de Duru)",,,
307,"11-Apr","April-2011","Orientale","Haut-Uele","Dungu","Doruma (210 km NO de Dungu)",,2,
308,"11-Apr","April-2011","Orientale","Haut-Uele","Dungu","Doruma (210 km NO de Dungu)",,1,
309,"11-Apr","April-2011","Orientale","Haut-Uele","Niangara","Tapili, Mongolia et Esse",7,5,3
310,"11-Apr","April-2011","Orientale","Bas-Uele","Ango","18 km SO de Banda en allant vers Ango",,,
311,"11-Apr","April-2011","Orientale","Bas-Uele","Ango","A environ 19 km N de Banda vers Doruma",,,
312,"11-May","May-2011","Orientale","Haut-Uele","Dungu","Nangume, 100 km a l est de Dungu sur route Faradje",,1,
313,"11-May","May-2011","Orientale","Haut-Uele","Dungu","Parc de Garamba",,1,1
314,"11-May","May-2011","Orientale","Haut-Uele","Dungu","Tronçon Gangala na Bodio-Nagero",,1,
315,"11-May","May-2011","Orientale","Haut-Uele","Dungu","Localite Bayete, pres de Duru",,,
316,"11-May","May-2011","Orientale","Haut-Uele","Dungu","TULA et ITABE, respectivement a 2 et 3 km au S-E de Bangadi",,,
317,"11-May","May-2011","Orientale","Haut-Uele","Dungu","ITAB (3 km SE de Bangadi",,,
318,"11-May","May-2011","Orientale","Haut-Uele","Dungu","60 km a l est de Dungu, vers Faradje",,,
319,"11-May","May-2011","Orientale","Haut-Uele","Dungu","Bitima (25 km N de Duru)",,1,
320,"11-May","May-2011","Orientale","Haut-Uele","Dungu","Gangala na Bodio (75 km E de Dungu)",1,1,
321,"11-May","May-2011","Orientale","Haut-Uele","Niangara","Mbwele, 40 km E de Nambia",2,,
322,"11-May","May-2011","Orientale","Haut-Uele","Niangara","Nambia (15 km N de Niangara)",,,
323,"11-May","May-2011","Orientale","Haut-Uele","Faradje","15 km O d Aba, vers Kurukwata",,,12
324,"11-May","May-2011","Orientale","Haut-Uele","Faradje","Kurukwata a 46 E de Faradje",,,2
325,"11-May","May-2011","Orientale","Haut-Uele","Faradje","Village Bayiti, 6 km au nord  d Aba",2,,
326,"11-May","May-2011","Orientale","Haut-Uele","Faradje","Nawango, 5 km de Faradje, route Dungu",,,1
327,"11-May","May-2011","Orientale","Bas-Uele","Ango","Dikuma, 30 km au N de Banda",1,,
328,"11-May","May-2011","Orientale","Bas-Uele","Ango","Tronçon Bamudanga-Mulundu(de 22a 7 km de Ango)",,,
329,"11-May","May-2011","Orientale","Bas-Uele","Bambesa","NGANGA et TUBU, une dizaine de Km au N de Dingila",,,
330,"11-Jun","June-2011","Orientale","Haut-Uele","Dungu","Nabiapay (32 km NO de Duru)",,1,
331,"11-Jun","June-2011","Orientale","Haut-Uele","Dungu","Bitima (25 km NO de Duru)",,,
332,"11-Jun","June-2011","Orientale","Haut-Uele","Dungu","Bayote (10 km O de Bitima",,,1
333,"11-Jun","June-2011","Orientale","Haut-Uele","Dungu","Taduru (20 km NO de Limay)",,1,
334,"11-Jun","June-2011","Orientale","Haut-Uele","Dungu","Diabakpa (65 km O de Doruma)",,,
335,"11-Jun","June-2011","Orientale","Haut-Uele","Dungu","Axe Limay – Taduru",,,1
336,"11-Jun","June-2011","Orientale","Haut-Uele","Dungu","Nambili (11 km N de kiliwa)",,,
337,"11-Jun","June-2011","Orientale","Haut-Uele","Dungu","Nduga (40 km N de Dungu, 5 km S Kiliwa)",,,
338,"11-Jun","June-2011","Orientale","Haut-Uele","Dungu","Diagbe (35 km NO de Bangadi)",,,
339,"11-Jun","June-2011","Orientale","Haut-Uele","Dungu","Nambili (11 km N de kiliwa)",,,1
340,"11-Jun","June-2011","Orientale","Haut-Uele","Dungu","Gangala na bodio",1,,
341,"11-Jun","June-2011","Orientale","Haut-Uele","Dungu","Axe Bangadi – Napopo 12 km NE de Bangadi",,,
342,"11-Jun","June-2011","Orientale","Haut-Uele","Dungu","Axe Bangadi – Napopo 12 km NE de Bangadi",,,1
343,"11-Jun","June-2011","Orientale","Haut-Uele","Dungu","Kiliwa (45 km N de Dungu)",1,,
344,"11-Jun","June-2011","Orientale","Haut-Uele","Dungu","Bagulupa (55 km E de Dungu)",,,
345,"11-Jun","June-2011","Orientale","Haut-Uele","Dungu","4 km O de Bangadi",2,1,
346,"11-Jun","June-2011","Orientale","Haut-Uele","Dungu","Nzungunza (8 km 0 de Bangadi)",,,
347,"11-Jun","June-2011","Orientale","Haut-Uele","Dungu","Bagulupa (55 km E de Dungu)",,,
348,"11-Jun","June-2011","Orientale","Haut-Uele","Dungu","Nakpudu (7 km SE de Bangadi)",,,
349,"11-Jun","June-2011","Orientale","Haut-Uele","Dungu","Route ITAB 2 km NE de Bangadi",,1,
350,"11-Jun","June-2011","Orientale","Haut-Uele","Dungu","Pudupudu (7 km SE de Ngilima)",1,,
351,"11-Jun","June-2011","Orientale","Haut-Uele","Dungu","Naango (5 km SE de Ngilima)",5,,
352,"11-Jun","June-2011","Orientale","Haut-Uele","Dungu","Riviere Nambia (15 km O de Ngilima)",3,,
353,"11-Jun","June-2011","Orientale","Haut-Uele","Dungu","Mabeleni (80 km E de Dungu, Axe Dungu Faradje)",1,2,
354,"11-Jun","June-2011","Orientale","Haut-Uele","Dungu","Makusa (15 km N de Bangadi)",2,,
355,"11-Jun","June-2011","Orientale","Haut-Uele","Dungu","Nasala (120 km E de Dungu, Axe Dungu Faradje)",,,
356,"11-Jun","June-2011","Orientale","Haut-Uele","Dungu","Ngilima",3,,
357,"11-Jun","June-2011","Orientale","Haut-Uele","Dungu","Route Keka (4 km S du centre Bangadi)",3,,
358,"11-Jun","June-2011","Orientale","Haut-Uele","Dungu","Nasala (120 km E de Dungu, Axe Dungu Faradje)",,,
359,"11-Jun","June-2011","Orientale","Haut-Uele","Dungu","Sortie NO de (direction Kapili) Ngilima",,,
360,"11-Jun","June-2011","Orientale","Haut-Uele","Dungu","Bagulupa (55 km E de Dungu)",,,
361,"11-Jun","June-2011","Orientale","Haut-Uele","Dungu","Pudupudu (7 km S de Ngilima)",,2,
362,"11-Jun","June-2011","Orientale","Haut-Uele","Dungu","7 km O de Naparka",,1,1
363,"11-Jun","June-2011","Orientale","Haut-Uele","Dungu","Diabakpa (65 km O de Doruma)",,,1
364,"11-Jun","June-2011","Orientale","Haut-Uele","Dungu","2 km NE de Bangadi",,,
365,"11-Jun","June-2011","Orientale","Haut-Uele","Dungu","1 km N de Limay (25 km N de Dungu)",,,
366,"11-Jun","June-2011","Orientale","Haut-Uele","Dungu","Bayote (10 Km O de Bitima)",,,
367,"11-Jun","June-2011","Orientale","Haut-Uele","Niangara","1 km sud de Nambia",,,1
368,"11-Jun","June-2011","Orientale","Haut-Uele","Niangara","Nambia (15 km N de Niangara)",,,
369,"11-Jun","June-2011","Orientale","Haut-Uele","Faradje","5 km NO de Djabir",,,
370,"11-Jul","July-2011","Orientale","Haut-Uele","Dungu","1 km de la route 4(100km E de Dungu, sur route Faradje)",1,,
371,"11-Jul","July-2011","Orientale","Haut-Uele","Dungu","Nambasa, 3 km a l O de Doruma",,1,
372,"11-Jul","July-2011","Orientale","Haut-Uele","Dungu","Nambasa, 3km a l O de Doruma",,2,
373,"11-Jul","July-2011","Orientale","Haut-Uele","Dungu","Nambasa, 3km a l O de Doruma, sur le chemin de fuite",,1,
374,"11-Jul","July-2011","Orientale","Haut-Uele","Dungu","Makpelenga, 35 km NO de Naparka",,1,
375,"11-Jul","July-2011","Orientale","Haut-Uele","Dungu","Zangaimi, 4km NO de Bangadi",,,
376,"11-Jul","July-2011","Orientale","Haut-Uele","Dungu","Bangadi, 125 km au N-O de Dungu",,,1
377,"11-Jul","July-2011","Orientale","Haut-Uele","Dungu","Naparka, 270 km au N-O de Dungu",,,
378,"11-Jul","July-2011","Orientale","Haut-Uele","Dungu","Naparka",,,
379,"11-Jul","July-2011","Orientale","Haut-Uele","Dungu","Naparka",,,
380,"11-Jul","July-2011","Orientale","Haut-Uele","Dungu","Naparka",,,
381,"11-Jul","July-2011","Orientale","Haut-Uele","Dungu","10 km au NO de Bangadi",,,
382,"11-Jul","July-2011","Orientale","Haut-Uele","Dungu","10 km au NO de Bangadi",,,
383,"11-Jul","July-2011","Orientale","Haut-Uele","Dungu","Kiliwa, 45 km au nord de dungu",2,,
384,"11-Jul","July-2011","Orientale","Haut-Uele","Dungu","A 3 km SE de Nango(40 km au NO de Dungu)",,,
385,"11-Jul","July-2011","Orientale","Haut-Uele","Faradje","Nagbaka, 6 km O de Faradje",,,1
386,"11-Jul","July-2011","Orientale","Haut-Uele","Faradje","1 km de Faradje centre",,,1
387,"11-Jul","July-2011","Orientale","Haut-Uele","Faradje","Doya, 22 km a l E de Faradje",,,2
388,"11-Jul","July-2011","Orientale","Bas-Uele","Ango","75 km d Ango sur route Dakwa",,,
389,"11-Jul","July-2011","Orientale","Bas-Uele","Ango","Bandu, au N de Digba",,,
390,"11-Jun","June-2011","Orientale","Haut-Uele","Faradje","Kibhinzi (4 km O de Faradje)",,,
391,"11-Jun","June-2011","Orientale","Haut-Uele","Faradje","Djabir (10 km E de Faradje)",,,
392,"11-Jun","June-2011","Orientale","Haut-Uele","Faradje","Takiani (7 km E de Faradje)",,2,1
393,"11-Jun","June-2011","Orientale","Haut-Uele","Faradje","Tadu (37 km S de Faradje)",1,,1
394,"11-Jun","June-2011","Orientale","Haut-Uele","Faradje","Draduwa (22 km E de Faradje)",,,
395,"11-Jun","June-2011","Orientale","Haut-Uele","Faradje","3 km O de Faradje",,,
396,"11-Jun","June-2011","Orientale","Haut-Uele","Faradje","Djabir (10 km E de Faradje)",,,
397,"11-Jun","June-2011","Orientale","Haut-Uele","Faradje","Entre Lenvo et udukwa (15 a 20 km E de Faradje)",,,
398,"11-Jun","June-2011","Orientale","Haut-Uele","Faradje","Djabir (10 km E de Faradje)",,,1
399,"11-Jun","June-2011","Orientale","Haut-Uele","Faradje","Doya (18 km E de Faradje)",,,
400,"11-Jun","June-2011","Orientale","Haut-Uele","Faradje","Kpodo (11 km S de Faradje)",,2,
401,"11-Jun","June-2011","Orientale","Haut-Uele","Faradje","Kpodo (11 km S de Faradje)",1,,
402,"11-Aug","August-2011","Orientale","Haut-Uele","Dungu","Route 4 (localite situee a environ 115 Km de Dungu en allant vers Faradje)",,1,
403,"11-Aug","August-2011","Orientale","Haut-Uele","Dungu","Entre Nagero et route 4 (axe Dungu- Faradje)",1,1,
404,"11-Aug","August-2011","Orientale","Haut-Uele","Dungu","A 1 km de Nagero centre (125 Km NE Dungu)",,1,
405,"11-Aug","August-2011","Orientale","Haut-Uele","Dungu","Nagero ",,1,
406,"11-Aug","August-2011","Orientale","Haut-Uele","Dungu","Bangadi",2,,
407,"11-Aug","August-2011","Orientale","Haut-Uele","Dungu","Entre Bitima (25 km NO de Duru) et Bayote (15 km O de Bitima),",,,
408,"11-Aug","August-2011","Orientale","Haut-Uele","Dungu","Mbiangu (35 km SE de Bangadi)",,,
409,"11-Sep","September-2011","Orientale","Haut-Uele","Dungu","Nambia (5 km S de Duru)",,,
410,"11-Sep","September-2011","Orientale","Haut-Uele","Dungu","Kumbolongo (localite situee a 10 km au Sud de Nambia)",,,1
411,"11-Sep","September-2011","Orientale","Haut-Uele","Dungu","Dikpoto (15 km N de Ngilima)",,,
412,"11-Sep","September-2011","Orientale","Haut-Uele","Dungu","Dikpoto (15 km N de Ngilima)",,,
413,"11-Sep","September-2011","Orientale","Haut-Uele","Faradje","Lalibe (7 km N de Faradje)",,,
414,"11-Sep","September-2011","Orientale","Haut-Uele","Faradje","Ngaduma-Ogambi (8 km N de Djabir)",,,
415,"11-Sep","September-2011","Orientale","Haut-Uele","Faradje","Ngaduma-Ogambi (8 km N de Djabir)",,,
416,"11-Aug","August-2011","Orientale","Haut-Uele","Dungu","Zangaime (4 km N de Bangadi)",,3,
417,"11-Aug","August-2011","Orientale","Haut-Uele","Niangara","Nyalanya (axe Aba-Faradje)",,1,
418,"11-Oct","October-2011","Orientale","Haut-Uele","Dungu","3 km au nord de Napopo",,,
419,"11-Oct","October-2011","Orientale","Haut-Uele","Dungu","Zangaime (5 km  N de Bangadi)",,,
420,"11-Oct","October-2011","Orientale","Haut-Uele","Dungu","Nango (5 km SE de Ngilima) ",,,
421,"11-Oct","October-2011","Orientale","Haut-Uele","Dungu","Nakpudu (7 km S de Bangadi)",,,
422,"11-Oct","October-2011","Orientale","Haut-Uele","Dungu","Nabanda (8 km au SO de Napopo)",,,
423,"11-Oct","October-2011","Orientale","Haut-Uele","Dungu","Badolo (7 km NO de Bangadi)",,,
424,"11-Oct","October-2011","Orientale","Haut-Uele","Dungu","Gongolo (14 km No de Ngilima)",,,
425,"11-Oct","October-2011","Orientale","Haut-Uele","Dungu","Malingbundu (5 km NE de Bangadi)",,,
426,"11-Oct","October-2011","Orientale","Haut-Uele","Dungu","Napopo (25 km E de Bangadi)",,,
427,"11-Oct","October-2011","Orientale","Haut-Uele","Niangara","Nambia, 15 km de Niangara",,,
428,"11-Nov","November-2011","Orientale","Haut-Uele","Dungu","Napopo (25 km E de Bangadi)",,,
429,"11-Nov","November-2011","Orientale","Haut-Uele","Dungu","Malingbundu  (5 km NE de Bangadi)",,,
430,"11-Nov","November-2011","Orientale","Haut-Uele","Dungu","5 km SO Bangadi",,,
431,"11-Nov","November-2011","Orientale","Haut-Uele","Dungu","Nabiapay (7 km NO de Bitima)",,,
432,"11-Nov","November-2011","Orientale","Haut-Uele","Dungu","Nangume (6 km O de Bitima)",,,
433,"11-Nov","November-2011","Orientale","Haut-Uele","Dungu","Zangaime (5 km N de Bangadi)",,,
434,"11-Nov","November-2011","Orientale","Haut-Uele","Dungu","Dikpoto (20 Km Nord Ngilima)",,,
435,"11-Nov","November-2011","Orientale","Haut-Uele","Dungu","15 km N Ngilima (Anduala ?)",,,
436,"11-Nov","November-2011","Orientale","Haut-Uele","Dungu","Bambangana (65 km NO Doruma)",,,
437,"11-Nov","November-2011","Orientale","Haut-Uele","Faradje","Takiani (6 km E de Faradje) ",2,1,2
438,"11-Jun","June-2011","Orientale","Bas-Uele","Ango","Gurba (45 km SE de Banda",2,,
439,"11-Jan","January-2011","Orientale","Bas-Uele","Ango","Digba (45 km N d Ango)",,,
440,"11-Jan","January-2011","Orientale","Bas-Uele","Ango","Sukadi",2,,
