"unique_id","province","territory","locality","place","axe","source","month","month_text","date_incident","type_incident","category","sub_category","num_missing","num_injured","num_deaths"
1,"Nord Kivu","Lubero","Kimbulu","Voie publique","Lubero-Butembo","NRC","9-Jan","January-2009","1/3/09","Requisition forcee","Agression physique",,0,0,0
2,"Nord Kivu","Walikale","Ndjingala","Voie publique","Walikale centre - Lubutu","NRC","9-Jan","January-2009","1/9/09","Tracasseries","Detention physique","Arrestation",0,0,0
3,"Nord Kivu","Beni","Beni","Bureau","Beni","SC-UK","9-Jan","January-2009","1/14/09","Agression armee ","Agression physique","agression non sexuelle ",0,0,0
4,"Nord Kivu","Rutshuru","Rwindi","Voie publique","Rwindi-Mabenga","MSF-B","9-Jan","January-2009","1/19/09","Pillage","Vol de rue","Avec violence physique",0,0,0
5,"Nord Kivu","Communes of Goma","Goma","Domicile","Goma","Solidaritթs","9-Jan","January-2009","1/21/09","Cambriolage ","Introduction dans une maison par effraction","Avec violence physique",0,1,0
6,"Nord Kivu","Lubero","Butembo","Bureau","Butembo","Oxfam-Quթbec","9-Feb","February-2009","2/6/09","Agression armee ","Agression physique","agression non sexuelle ",0,1,0
7,"Nord Kivu","Lubero","Kanyabayonga","Inconnu","Kanyabayonga-Nyanzale","APETAMACO","9-Feb","February-2009","2/8/09","Requisition forcee","Agression physique","Harcelement",0,0,0
8,"Nord Kivu","Communes of Goma","Goma","Domicile","Goma","PAM","9-Feb","February-2009","2/14/09","Cambriolage ","Introduction dans une maison par effraction","Tentative d'introduction par effraction",0,0,0
9,"Nord Kivu","Masisi","Masisi","Voie publique","Kitchanga-Mweso","IRC","9-Feb","February-2009","2/17/09","Agression armee ","Agression physique","agression non sexuelle ",0,0,0
10,"Nord Kivu","Walikale","Mubanda","Bureau","Walikale-Mpofi","AAA","9-Feb","February-2009","2/17/09","Pillage","Vol de rue","Avec violence physique",0,0,0
11,"Nord Kivu","Masisi",,"Voie publique","Kitchanga-Bishusha","MSF-H","9-Feb","February-2009","2/18/09","Agression armee ","Agression physique","agression non sexuelle ",0,0,0
12,"Nord Kivu","Masisi","Muhongozi","Voie publique","Kitchanga-Mweso","IRC","9-Feb","February-2009","2/19/09","Pillage","Vol de rue","Avec violence physique",0,0,0
13,"Nord Kivu","Rutshuru","JTN","Voie publique","Mweso-Lutiba","Mercy Corps","9-Feb","February-2009","2/19/09","Agression armee ","Agression physique","agression non sexuelle ",0,0,0
14,"Nord Kivu","Lubero","Lubero","Voie publique","Lubero","Caritas Butembo","9-Feb","February-2009","2/24/09","Tracasseries","Detention physique","Arrestation",0,0,0
15,"Nord Kivu","Rutshuru","Kalengera","Voie publique","Kalengera-Tongo","MERLIN","9-Feb","February-2009","2/26/09","Agression armee ","Agression physique","agression non sexuelle ",0,0,0
16,"Nord Kivu","Rutshuru","Tongo","Voie publique","Tongo-Kitchanga","MERLIN","9-Feb","February-2009","2/26/09","Agression armee ","Agression physique","agression non sexuelle ",0,0,0
17,"Nord Kivu","Communes of Goma","Goma",,"Goma","PU","9-Feb","February-2009","2/27/09","Cambriolage ",,,0,0,0
18,"Nord Kivu","Masisi",,"Inconnu","Kitchanga-Mweso","CICR","9-Feb","February-2009","2/27/09","Agression armee ","Agression physique","agression non sexuelle ",0,0,0
19,"Nord Kivu","Masisi",,"Voie publique","Kitchanga-Mweso","MERLIN","9-Feb","February-2009","2/27/09","Pillage","Vol de rue","Avec violence physique",0,0,0
20,"Nord Kivu","Masisi","Mushaki","Inconnu","Sake-Masisi centre","AREPS","9-Feb","February-2009","2/28/09","Agression armee ","Agression physique","agression non sexuelle ",0,1,0
21,"Nord Kivu","Masisi","Mweso","Vehicule","Mweso-Kalembe","MSF-H","9-Mar","March-2009","3/2/09","Agression armee ","Agression physique","agression non sexuelle ",0,0,0
22,"Nord Kivu","Communes of Goma","Goma","Inconnu","Goma","Heal Africa","9-Mar","March-2009","3/5/09","Tracasseries","Detention physique","Arrestation",0,0,0
23,"Nord Kivu","Masisi",,"Vehicule","Goma-Sake","Solidaritթs","9-Mar","March-2009","3/5/09","Requisition forcee","Agression physique","Harcelement",0,0,0
24,"Nord Kivu","Rutshuru","Bambo","Vehicule","Bambo","MSF-F","9-Mar","March-2009","3/6/09","Agression armee ","Agression physique","agression non sexuelle ",0,0,0
25,"Nord Kivu","Masisi","Muhongozi","Voie publique","Kitchanga-Mweso","PAM","9-Mar","March-2009","3/9/09","Tentative de vol / Pillage ","Vol de rue","Avec violence physique",0,0,0
26,"Nord Kivu","Communes of Goma","Goma","Domicile","Goma","HCR","9-Mar","March-2009","3/11/09","Agression armee ","Agression physique","agression non sexuelle ",0,0,0
27,"Nord Kivu","Communes of Goma","Goma","Domicile","Goma","UNDSS","9-Mar","March-2009","3/13/09","Cambriolage ","Introduction dans une maison par effraction","Tentative d'introduction par effraction",0,0,0
28,"Nord Kivu","Masisi","Kirolirwe","Vehicule","Kirolirwe-Muheto","IRC","9-Mar","March-2009","3/18/09","Agression armee ","Agression physique","agression non sexuelle ",0,0,0
29,"Nord Kivu","Rutshuru","Kalengera","Vehicule","Kako-Kalengera","IRC","9-Mar","March-2009","3/18/09","Agression armee ","Agression physique","agression non sexuelle ",0,0,0
30,"Nord Kivu","Rutshuru","Burai","Voie publique","Burai-Bunagana","IRC","9-Mar","March-2009","3/31/09","Pillage","Vol de rue","Avec violence physique",0,0,0
31,"Nord Kivu","Communes of Goma","Goma","Domicile","Goma","Air-Serv","9-Apr","April-2009","4/2/09","Cambriolage ","Introduction dans une maison par effraction","Tentative d'introduction par effraction",0,0,0
32,"Nord Kivu","Beni","Beni","Bureau","Beni","OCHA Beni","9-Apr","April-2009","4/3/09","Cambriolage ","Introduction dans une maison par effraction","Tentative d'introduction par effraction",0,0,0
33,"Nord Kivu","Rutshuru","Rubare","Voie publique","Goma-Rutshuru","IRC","9-Apr","April-2009","4/6/09","Agression armee ","Vol de rue","Sans violence physique",0,0,0
34,"Nord Kivu","Rutshuru","Ngwenda","Voie publique","Kiwanja-Ishasha","IRC","9-Apr","April-2009","4/9/09","Agression armee ","Vol de rue","Sans violence physique",0,0,0
35,"Nord Kivu","Communes of Goma","Goma","Domicile","Goma","UNDSS","9-Apr","April-2009","4/13/09","Tentative de vol / Pillage ","Vol de rue","Sans violence physique",0,0,0
36,"Nord Kivu","Masisi","Mubambiro","Voie publique","Goma-Sake","UNDSS","9-Apr","April-2009","4/14/09","Requisition forcee","Agression physique","Harcelement",0,0,0
37,"Nord Kivu","Communes of Goma","Goma","Domicile","Goma","UNDSS","9-Apr","April-2009","4/21/09","Cambriolage ","Introduction dans une maison par effraction","Tentative d'introduction par effraction",0,0,0
38,"Nord Kivu","Communes of Goma","Goma","Domicile","Goma","UNDSS","9-Apr","April-2009","4/21/09","Tentative de vol / Pillage ","Vol de rue","Avec violence physique",0,0,0
39,"Nord Kivu","Rutshuru","Kalengera","Vehicule","Goma-Rutshuru","secours catholique","9-Apr","April-2009","4/22/09","Agression armee ","Agression physique","agression non sexuelle ",0,0,0
40,"Nord Kivu","Rutshuru","Kiseguru","Voie publique","Kiwanja-Nyamilima","COOPI","9-Apr","April-2009","4/29/09","Agression armee ","Agression physique","agression non sexuelle ",0,0,0
41,"Nord Kivu","Communes of Goma","Goma","Domicile","Goma","World Vision International","9-May","May-2009","5/6/09","Tentative de vol / Pillage ","Vol de rue","Sans violence physique",0,0,0
42,"Nord Kivu","Communes of Goma","Goma","Inconnu","Goma","Care International","9-May","May-2009","5/10/09","Agression armee ","Agression physique","agression non sexuelle ",0,0,0
43,"Nord Kivu","Lubero","Mighobwe","Inconnu","Mighobwe","OCHA","9-May","May-2009","5/13/09","Requisition forcee","Agression physique","Harcelement",0,0,0
44,"Nord Kivu","Communes of Goma","Goma","Voie publique","Route EP Musawato","OCHA","9-May","May-2009","5/14/09","Agressions ","Voie de fait  avec violence",,0,0,0
45,"Nord Kivu","Beni","Kamango","Voie publique","Route Kamango","SOFEPADI / OCHA","9-May","May-2009","5/15/09","Pillage","Vol de rue","Avec violence physique",0,0,0
46,"Nord Kivu","Lubero","Kaseghe","Vehicule","Kanyabayonga-Lubero","OCHA / UNDSS","9-May","May-2009","5/15/09","Requisition forcee","Agression physique","Harcelement",0,0,0
47,"Nord Kivu","Lubero","Mighobwe","Voie publique","Kanyabayonga-Butembo","Oxfam-GB / OCHA","9-May","May-2009","5/17/09","Pillage","Vol de rue","Avec violence physique",0,0,0
48,"Nord Kivu","Beni","Kasindi","Inconnu","Route Kasindi","OCHA","9-May","May-2009","5/18/09","Requisition forcee","Agression physique","Harcelement",0,0,0
49,"Nord Kivu","Beni","Beni","Inconnu","Beni","OCHA","9-May","May-2009","5/19/09","Pillage","Vol de rue","Avec violence physique",0,0,0
50,"Nord Kivu","Communes of Goma","Goma","Domicile","Derriere H�_��tel Ihusi","UNDSS","9-May","May-2009","5/23/09","Agression armee ","Agression physique","agression non sexuelle ",0,0,0
51,"Nord Kivu","Communes of Goma","Goma","Domicile","Goma","HCR","9-Jun","June-2009","6/1/09","Tentative de vol / Pillage ","Vol de rue","Avec violence physique",0,0,0
52,"Nord Kivu","Walikale","Malemo","Voie publique","Kitchanga-Kalembe","PAM","9-Jun","June-2009","6/2/09","Agression armee ","Agression physique","agression non sexuelle ",0,1,0
53,"Nord Kivu","Lubero","Luseke","Voie publique","Lubero","OCHA","9-Jun","June-2009","6/3/09","Pillage","Vol de rue","Avec violence physique",0,0,0
54,"Nord Kivu","Masisi","Kirolirwe","Lieu public","Sake Kitchanga","SC-UK","9-Jun","June-2009","6/5/09","Tracasseries","Arrestation","Arrestation",0,0,0
55,"Nord Kivu","Communes of Goma","Quartier les volcans","Bureau","Goma","Action Aid","9-Jun","June-2009","6/7/09","Tentative de vol / Pillage ","Vol de rue","Avec violence physique",0,0,0
56,"Nord Kivu","Lubero",,"Lieu public","Kayna - Kirumba","APETAMACO","9-Jun","June-2009","6/9/09","Tracasseries","Detention physique","Detention",0,0,0
57,"Nord Kivu","Beni","Beni","Domicile","Beni ville","OCHA","9-Jun","June-2009","6/12/09","Agression armee ","Agression physique","agression non sexuelle ",0,0,0
58,"Nord Kivu","Lubero","Timbo Timbo","Voie publique","Timbo Timbo","OCHA","9-Jun","June-2009","6/14/09","Tracasseries","Agression physique","Harcelement",0,0,0
59,"Nord Kivu","Lubero","Kayna","Inconnu","Kanyabayonga - Kayna","APETAMACO","9-Jun","June-2009","6/17/09","Incendie","Voie de fait  avec violence","Voie de fait",0,0,0
60,"Nord Kivu","Communes of Goma","Goma",,"Goma","UNDSS","9-Jun","June-2009","6/21/09","Cambriolage ",,,0,0,0
61,"Nord Kivu","Communes of Goma","Goma",,"Goma","Solidaritթs","9-Jun","June-2009","6/23/09","Tentative de vol / Pillage ",,,0,0,0
62,"Nord Kivu","Lubero","Kirumba",,"Kanyabayonga - Lubero","OCHA","9-Jun","June-2009","6/23/09","Pillage",,,0,0,0
63,"Nord Kivu","Masisi","Kirolirwe",,"Sake-Kitchanga","COOPI er IRC","9-Jun","June-2009","6/23/09","Tracasseries",,,0,0,0
64,"Nord Kivu","Masisi","Kirolirwe",,"Sake-Kitchanga","IRC","9-Jun","June-2009","6/24/09","Pillage",,,0,0,0
65,"Nord Kivu","Walikale","Nyasi",,"Walikale-Nyasi","OCHA","9-Jun","June-2009","6/26/09","Agressions ",,,0,0,0
66,"Nord Kivu","Lubero","Lubero",,"Lubero-Kirumba","Oxfam-GB","9-Jun","June-2009","6/30/09","Pillage",,,0,0,0
67,"Nord Kivu","Communes of Goma","Goma","Domicile","Ville de Goma","UNDSS","9-Jul","July-2009","7/2/09","Cambriolage ","Introduction dans une maison par effraction","Tentative d'introduction par effraction",0,0,0
68,"Nord Kivu","Communes of Goma","Goma",,"Ville de Goma","UNDSS","9-Jul","July-2009","7/2/09","Cambriolage ",,,0,0,0
69,"Nord Kivu","Masisi","Kirotshe","Inconnu","Sake-Kirotshe","VSF-Suisse","9-Jul","July-2009","7/3/09","Tracasseries","Detention physique","Arrestation",0,0,0
70,"Nord Kivu","Communes of Goma","Goma","Domicile","Ville de Goma","UNDSS","9-Jul","July-2009","7/8/09","Tentative de vol / Pillage ","Vol de rue","Avec violence physique",0,0,0
71,"Nord Kivu","Masisi","Kitchanga","Inconnu","Sake-Kitchanga","OCHA","9-Jul","July-2009","7/9/09","Agressions ","Voie de fait  avec violence","Agression physique",0,1,0
72,"Nord Kivu","Masisi","Kitchanga","Inconnu","Sake-Kitchanga","OCHA","9-Jul","July-2009","7/9/09","Pillage","Vol de rue","Avec violence physique",0,0,0
73,"Nord Kivu","Rutshuru","Kiwanja","Voie publique","Kiwanja","IRC","9-Jul","July-2009","7/10/09","Requisition forcee","Agression physique","Harcelement",0,0,0
74,"Nord Kivu","Communes of Goma","Goma","Lieu public","Goma-Gisenyi","ARD","9-Jul","July-2009","7/13/09","Tracasseries","Detention physique","Arrestation",0,0,0
75,"Nord Kivu","Masisi","Masisi","Inconnu","Sake-Masisi","NRC","9-Jul","July-2009","7/13/09","Tracasseries","Detention physique","Arrestation",0,0,0
76,"Nord Kivu","Rutshuru","Lusogha","Voie publique","Lusogha-Kikuku","WHH (ex AAA)","9-Jul","July-2009","7/13/09","Requisition forcee","Agression physique","Harcelement",0,0,0
77,"Nord Kivu","Rutshuru","Birundule","Inconnu","Birundule-Kikuku","WHH (ex AAA)","9-Jul","July-2009","7/14/09","Requisition forcee","Agression physique","Harcelement",0,0,0
78,"Nord Kivu","Rutshuru","Musezero","Inconnu","Rumangabo-Chengerero","OCHA","9-Jul","July-2009","7/15/09","Meurtre / Assassinat ","Agression physique","Meurtre",0,0,1
79,"Nord Kivu","Rutshuru","Kiwanja","Domicile","Rutshuru-Kiwanja","MSF-F","9-Jul","July-2009","7/20/09","Meurtre / Assassinat ","Agression physique","Meurtre",0,0,1
80,"Nord Kivu","Masisi","Kisuma","Inconnu","Mema-Kisuma","World Vision","9-Jul","July-2009","7/21/09","Pillage","Vol de rue","Avec violence physique",0,0,0
81,"Nord Kivu","Rutshuru","Mabenga",,"Kiwanja-Mabenga","MSF-F","9-Jul","July-2009","7/23/09","Pillage",,,0,0,0
82,"Nord Kivu","Nyiragongo","Kibati","Voie publique","Goma-Rutshuru","Helpage International","9-Jul","July-2009","7/24/09","Tracasseries","Detention physique","Arrestation",0,0,0
83,"Nord Kivu","Masisi","Kalembe","Inconnu","Mweso-Kashuga","MSF-H","9-Aug","August-2009","8/4/09","Pillage","Vol de rue","Avec violence physique",0,0,0
84,"Nord Kivu","Communes of Goma","Goma","Domicile","Goma","UNDSS","9-Aug","August-2009","8/6/09","Agressions ","Voie de fait  avec violence","Agression physique",0,0,0
85,"Nord Kivu","Walikale","Walikale","Inconnu","Masisi-Walikale","OCHA","9-Aug","August-2009","8/8/09","Tracasseries","Detention physique","Arrestation",0,0,0
86,"Nord Kivu","Communes of Goma","Goma","Domicile","Goma","UNDSS","9-Aug","August-2009","8/16/09","Tentative de vol / Pillage ","Vol de rue","Avec violence physique",0,0,0
87,"Nord Kivu","Communes of Goma","Goma","Domicile","Goma","UNDSS","9-Aug","August-2009","8/23/09","Agression armee ","Agression physique","agression non sexuelle ",0,0,0
88,"Nord Kivu","Rutshuru","Kiwanja","Voie publique","Kiwanja - Ishasha","CESVI","9-Aug","August-2009","8/26/09","Tracasseries","Detention physique","Arrestation",0,0,0
89,"Nord Kivu","Lubero","Vurondo","Inconnu","Rթgion de Vurondo","MONUC","9-Sep","September-2009","9/4/09","Agressions ","Voie de fait  avec violence","Agression physique",0,0,0
90,"Nord Kivu","Nyiragongo","Kibati","Voie publique","Goma-Rutshuru","CESVI","9-Sep","September-2009","9/5/09","Tracasseries","Detention physique","Arrestation",0,0,0
91,"Nord Kivu","Communes of Butembo","Butembo","Domicile","Lubero-Butembo","OCHA","9-Sep","September-2009","9/6/09","Meurtre / Assassinat ","Agression physique","Meurtre",0,0,1
92,"Nord Kivu","Communes of Goma","Goma","Voie publique","Goma-Sake","UNDSS","9-Sep","September-2009","9/8/09","Agressions ","Voie de fait  avec violence","Agression physique",0,0,0
93,"Nord Kivu","Communes of Goma","Quartier Himbi","Domicile","Goma","ECHO","9-Sep","September-2009","9/13/09","Tentative de vol / Pillage ","Vol de rue","Avec violence physique",0,0,0
94,"Nord Kivu","Masisi","Kaniro","Voie publique","Kaniro-Katoyi centre","CARE International","9-Sep","September-2009","9/15/09","Requisition forcee","Agression physique","Harcelement",0,0,0
95,"Nord Kivu","Masisi","Mutiri","Voie publique","Masisi centre - Katale","NCA","9-Sep","September-2009","9/18/09","Agression armee ","Agression physique","agression non sexuelle ",0,0,0
96,"Nord Kivu","Walikale","Malemo","Voie publique","Kalembe - Pinga","OIM","9-Sep","September-2009","9/22/09","Agression armee ","Agression physique","agression non sexuelle ",0,1,0
97,"Nord Kivu","Lubero","Luofu","Voie publique","Luofu - Kayna","OCHA","9-Sep","September-2009","9/26/09","Requisition forcee","Agression physique","Harcelement",0,0,0
98,"Nord Kivu","Communes of Goma","Quartier Mabanga Nord","Domicile","Goma ","CESVI","9-Sep","September-2009","9/28/09","Tentative de vol / Pillage ","Vol de rue","Avec violence physique",0,1,0
99,"Nord Kivu","Lubero","Kanyabayonga","Lieu public","Kanyabayonga - Kirumba","OCHA","9-Sep","September-2009","9/30/09","Agressions ",,,0,0,0
100,"Nord Kivu","Rutshuru","Rutshuru","Lieu public","Rutshuru - Kiwanja","MSF-F","9-Oct","October-2009","10/1/09","Agression armee ","Agression physique","agression non sexuelle ",0,1,0
101,"Nord Kivu","Rutshuru","Chengerero","Voie publique","Chengero - Bunagana","Secours Catholique","9-Oct","October-2009","10/7/09","Requisition forcee","Agression physique","Harcelement",0,0,0
102,"Nord Kivu","Masisi","Kisuma","Voie publique","Bihambwe - Masisi centre","SC-UK","9-Oct","October-2009","10/8/09","Pillage","Vol de rue","Avec violence physique",0,0,0
103,"Nord Kivu","Rutshuru","Kabirangiriro","Voie publique","Kikuku-Ihula","AVSI","9-Oct","October-2009","10/8/09","Pillage","Vol de rue","Avec violence physique",0,0,0
104,"Nord Kivu","Rutshuru","Chengerero","Voie publique","Chengerero - Bunagana","Secours Catholique","9-Oct","October-2009","10/9/09","Requisition forcee","Agression physique","Harcelement",0,0,0
105,"Nord Kivu","Communes of Goma","Quartier Kyeshero","Domicile","Goma","UNDSS","9-Oct","October-2009","10/10/09","Tentative de vol / Pillage ","Vol de rue","Avec violence physique",0,0,0
106,"Nord Kivu","Walikale","Malemo","Voie publique","Kalembe - Pinga","Hope in Action","9-Oct","October-2009","10/10/09","Agression armee ","Agression physique","agression non sexuelle ",0,0,0
107,"Nord Kivu","Masisi","Mweso","Domicile","Kitchanga - Mweso","Premiere Urgence","9-Oct","October-2009","10/13/09","Cambriolage ","Introduction dans une maison par effraction","Tentative d'introduction par effraction",0,0,0
108,"Nord Kivu","Lubero","Hutwe","Voie publique","Hutwe - Kirumba","NRC","9-Oct","October-2009","10/14/09","Pillage","Vol de rue","Avec violence physique",0,0,0
109,"Nord Kivu","Masisi","Kisuma","Voie publique","Matanda - Masisi","ACF - USA","9-Oct","October-2009","10/15/09","Agression armee ","Voie de fait  avec violence","Agression physique",0,0,0
110,"Nord Kivu","Masisi","Bukumbirire","Voie publique","Bukumbirire - Katoyi","OCHA","9-Oct","October-2009","10/16/09","Requisition forcee","Agression physique","Harcelement",0,0,0
111,"Nord Kivu","Masisi","Kimoho","Lieu public","Nyabyondo - Lukweti","MONUC","9-Oct","October-2009","10/18/09","Affrontements / Combats ","Voie de fait  avec violence",,0,0,0
112,"Nord Kivu","Rutshuru","Nyanzale","Domicile","Katsiru - Kikuku","MSF-F","9-Oct","October-2009","10/23/09","Cambriolage ","Introduction dans une maison par effraction","Tentative d'introduction par effraction",0,0,0
113,"Nord Kivu","Communes of Goma","Goma","Domicile","Ville de Goma","MSF-F","9-Oct","October-2009","10/28/09","Agressions ","Voie de fait  avec violence","Agression physique",0,0,0
114,"Nord Kivu","Masisi","Biteete","Voie publique","Bihambwe - Masisi centre","SC-UK","9-Oct","October-2009","10/28/09","Agression armee ","Agression physique","agression non sexuelle ",0,0,0
115,"Nord Kivu","Lubero","Lubero","Bureau","Ville de Butembo","OCHA","9-Oct","October-2009","10/31/09","Agressions ","Voie de fait  avec violence","Agression physique",0,1,0
116,"Nord Kivu","Masisi","Kisuma","Voie publique","Bihambwe - Masisi centre","MSF-B","9-Oct","October-2009","10/31/09","Agression armee ","Agression physique","agression non sexuelle ",0,0,0
117,"Nord Kivu","Masisi","Kirolirwe","Voie publique","Sake - Kitchanga","PAM","9-Nov","November-2009","11/3/09","Pillage","Vol de rue","Avec violence physique",0,0,0
118,"Nord Kivu","Rutshuru","Vitshumbi","Voie publique","Rwindi - Vitshumbi","SC-UK","9-Nov","November-2009","11/5/09","Tracasseries","Detention physique","Arrestation",0,0,0
119,"Nord Kivu","Rutshuru","Nyanzale","Domicile","Katsiru - Kikuku","MONUC / MSF-F","9-Nov","November-2009","11/7/09","Cambriolage ","Introduction dans une maison par effraction","Tentative d'introduction par effraction",0,0,0
120,"Nord Kivu","Communes of Goma","Quartier Kyeshero","Domicile","Quartier Kyeshero","Premiere Urgence","9-Nov","November-2009","11/11/09","Agression armee ","Agression physique","agression non sexuelle ",0,0,0
121,"Nord Kivu","Communes of Goma","Quartier Kyeshero","Domicile","Quartier Kyeshero","Premiere Urgence","9-Nov","November-2009","11/11/09","Agression armee ","Agression physique","agression non sexuelle ",0,0,0
122,"Nord Kivu","Rutshuru","Nyanzale","Domicile","Katsiru - Kikuku","MSF-F","9-Nov","November-2009","11/16/09","Cambriolage ","Introduction dans une maison par effraction",,0,0,0
123,"Nord Kivu","Rutshuru","Nyanzale","Domicile","Katsiru - Kikuku","MSF-F","9-Nov","November-2009","11/16/09","Cambriolage ","Introduction dans une maison par effraction","Tentative d'introduction par effraction",0,0,0
124,"Nord Kivu","Communes of Goma","Quartier les volcans","Voie publique","Rond-point BDGL - Grande barriere","CARE International","9-Nov","November-2009","11/20/09","Pillage","Vol de rue","Avec violence physique",0,0,0
125,"Nord Kivu","Masisi","Niacajanga","Voie publique","Mushaki - Bihambwe","GEAD","9-Nov","November-2009","11/21/09","Pillage","Vol de rue","Avec violence physique",0,0,0
126,"Nord Kivu","Communes of Goma","Quartier Himbi","Bureau","Route Katindo gauche - Gouvernorat de Province","UNDSS","9-Nov","November-2009","11/23/09","Manifestation","Perturbations","Troubles civils",0,0,0
127,"Nord Kivu","Communes of Goma","Quartier les volcans","Domicile","Goma","UNDSS","9-Nov","November-2009","11/23/09","Tentative de vol / Pillage ","Vol de rue","Avec violence physique",0,0,0
128,"Nord Kivu","Beni","Beni","Domicile","Quartier matonge","ADRA","9-Nov","November-2009","11/27/09","Meurtre / Assassinat ","Agression physique","Meurtre",0,0,1
129,"Nord Kivu","Lubero","Kayna","Domicile","Luofu - Kaseghe","Solidaritթs","9-Nov","November-2009","11/30/09","Cambriolage ","Introduction dans une maison par effraction","Tentative d'introduction par effraction",0,0,0
130,"Nord Kivu","Masisi","Kashuga","Voie publique","Mweso - Kashuga","Solidaritթs","9-Nov","November-2009","11/30/09","Pillage","Vol de rue","Avec violence physique",0,0,0
131,"Nord Kivu","Communes of Goma","Goma","Voie publique","Rond-point signers","IMC","9-Dec","December-2009","12/1/09","Agressions ","Voie de fait  avec violence","Agression physique",0,1,0
132,"Nord Kivu","Lubero","Kibua","Voie publique","Musienne","PAM","9-Dec","December-2009","12/2/09","Agressions ","Voie de fait  avec violence","Agression physique",0,8,0
133,"Nord Kivu","Masisi","Biteete","Voie publique","Bihambwe-Katale","CICR","9-Dec","December-2009","12/2/09","Pillage","Vol de rue","Avec violence physique",0,0,0
134,"Nord Kivu","Rutshuru","Kiwanja","Lieu public","Rutshuru - Kiwanja","Solidaritթs","9-Dec","December-2009","12/3/09","Pillage","Vol de rue","Avec violence physique",0,0,0
135,"Nord Kivu","Communes of Goma","Quartier Katindo gauche","Voie publique","Goma","UNDSS","9-Dec","December-2009","12/5/09","Tracasseries","Detention physique","Arrestation",0,1,0
136,"Nord Kivu","Masisi","Kitchanga","Domicile","Kirolirwe - Kitchanga","MSF-H","9-Dec","December-2009","12/12/09","Meurtre / Assassinat ","Agression physique","Meurtre",0,0,1
137,"Nord Kivu","Communes of Goma","Quartier Katindo droit","Voie publique","Goma","GTZ","9-Dec","December-2009","12/17/09","Meurtre / Assassinat ","Agression physique","Meurtre",0,0,1
138,"Nord Kivu","Lubero","Alimbongo","Voie publique","Ndoluma - Alimbongo","GTZ","9-Dec","December-2009","12/18/09","Pillage","Vol de rue","Avec violence physique",0,0,0
139,"Nord Kivu","Lubero","Alimbongo","Voie publique","Ndoluma - Alimbongo","GTZ","9-Dec","December-2009","12/18/09","Pillage","Vol de rue","Avec violence physique",0,0,0
140,"Nord Kivu","Masisi","Kirolirwe","Voie publique","Sake - Kirolirwe","NRC","9-Dec","December-2009","12/19/09","Tracasseries","Detention physique","Arrestation",0,0,0
141,"Nord Kivu","Walikale","Walikale","Domicile","Walikale centre","Welthungerhilfe (ex AAA)","9-Dec","December-2009","12/23/09","Cambriolage ","Introduction dans une maison par effraction","Sans violence physique",0,0,0
142,"Nord Kivu","Communes of Goma","Quartier Mabanga Sud","Lieu public","Goma","SC-UK","9-Dec","December-2009","12/24/09","Pillage","Vol de rue","Avec violence physique",0,0,0
143,"Nord Kivu","Masisi","Matanda","Voie publique","Matanda - Bihambwe","MSF-B","9-Dec","December-2009","12/24/09","Pillage","Vol de rue","Avec violence physique",0,0,0
144,"Nord Kivu","Walikale","Mpofi","Voie publique","Walikale centre - Mpofi","Welthungerhilfe (ex AAA)","9-Dec","December-2009","12/25/09","Agressions ","Voie de fait  avec violence","Agression physique",0,1,0
145,"Nord Kivu","Walikale","Walikale","Bureau","Walikale centre","Welthungerhilfe","10-Jan","January-2010","1/4/10","Pillage","Securite des bureaux","Introduction dans un bureau par effraction",0,0,0
146,"Nord Kivu","Masisi","Kitchanga","Domicile","Kabalekasha - Kitchanga","HCR","10-Jan","January-2010","1/6/10","Tentative de vol / Pillage ","Introduction dans une maison par effraction","Tentative d'introduction par effraction",0,0,0
147,"Nord Kivu","Rutshuru","Kinyandoni","Voie publique","Kinyandoni - Ngwenda","SC-UK","10-Jan","January-2010","1/11/10","Pillage","Vol de rue","Avec violence physique",0,0,0
148,"Nord Kivu","Masisi","Masisi","Bureau","Masisi centre - Lushebere","OCHA","10-Jan","January-2010","1/12/10","Agressions ","Voie de fait  avec violence","Voie de fait",0,0,0
149,"Nord Kivu","Masisi","Mema","Voie publique","Mema - Kisuma","MSF-B","10-Jan","January-2010","1/12/10","Agressions ","Voie de fait  avec violence","Voie de fait",0,0,0
150,"Nord Kivu","Rutshuru","Rukumizo","Voie publique","Rumangabo-Chengerero","Secours catholique","10-Jan","January-2010","1/14/10","Tracasseries","Voie de fait  avec violence","Voie de fait",0,0,0
151,"Nord Kivu","Masisi","Kibarizo","Voie publique","Kibarizo - Muhanga","IMC","10-Jan","January-2010","1/15/10","Requisition forcee","Securite des vehicules","Detournement arme",0,0,0
152,"Nord Kivu","Masisi","Matanda","Voie publique","Matanda - Bihambwe","SC-UK","10-Jan","January-2010","1/15/10","Pillage","Vol de rue","Avec violence physique",0,0,0
153,"Nord Kivu","Masisi","Muhanga","Lieu public","Kibarizo - Muhanga","HCR","10-Jan","January-2010","1/15/10","Agressions ","Vol de rue","Avec violence physique",0,0,0
154,"Nord Kivu","Lubero","Lubero","Voie publique","Lubero-Kagheri","OCHA","10-Jan","January-2010","1/19/10","Pillage","Vol de rue","Avec violence physique",0,0,0
155,"Nord Kivu","Rutshuru","Nyabanira","Voie publique","Kiwanja - Nyamilima","UNDSS","10-Jan","January-2010","1/19/10","Pillage","Vol de rue","Avec violence physique",0,0,0
156,"Nord Kivu","Masisi","Rubaya","Voie publique","Rubaya - Bihambwe","Armթe du Salut","10-Jan","January-2010","1/21/10","Agressions ","Agression physique","agression non sexuelle ",0,0,0
157,"Nord Kivu","Masisi","Bweru","Voie publique","Bweru - Kibarizo","IMC","10-Jan","January-2010","1/24/10","Requisition forcee","Agression physique","Prise d'otage",0,0,0
158,"Nord Kivu","Masisi","Osso","Voie publique","Matanda-Bihambwe","IMC","10-Jan","January-2010","1/24/10","Pillage","Vol de rue","Avec violence physique",0,0,0
159,"Nord Kivu","Rutshuru","Rugari","Voie publique","Rugari-Rubare","Secours catholique","10-Jan","January-2010","1/25/10","Agressions ","Perturbations","manifestations",0,0,0
160,"Nord Kivu","Masisi","Matanda","Voie publique","Bihambwe - Matanda","Handicap International","10-Jan","January-2010","1/28/10","Tentative de vol / Pillage ","Introduction dans une maison par effraction","Tentative d'introduction par effraction",0,0,0
161,"Nord Kivu","Masisi","Mitumbala","Voie publique","Sake - Mushaki","MSF-B","10-Jan","January-2010","1/28/10","Pillage","Vol de rue","Avec violence physique",0,0,0
162,"Nord Kivu","Rutshuru","Ishasha","Voie publique","Nyamilima - Ishasha","AVSI","10-Jan","January-2010","1/29/10","Prise d'otage ","Agression physique","Prise d'otage",0,0,0
163,"Nord Kivu","Communes of Goma","Quartier Office I","Domicile","Goma","CESVI","10-Jan","January-2010","1/30/10","Pillage","Introduction dans une maison par effraction","Avec violence physique",0,0,0
164,"Nord Kivu","Masisi","Kirotshe","Voie publique","Sake - Kirotshe","HCR","10-Feb","February-2010","2/1/10","Agressions ","Perturbations","Troubles civils",0,0,0
165,"Nord Kivu","Masisi","Mpati","Voie publique","Mpati-Kivuye","PU","10-Feb","February-2010","2/6/10","Requisition forcee","Voie de fait  avec violence","Voie de fait",0,0,0
166,"Nord Kivu","Beni","Beni","Bureau","Beni","EPVI","10-Feb","February-2010","2/7/10","Pillage","Securite des bureaux","Introduction dans un bureau par effraction",0,0,0
167,"Nord Kivu","Communes of Goma","Quartier Katindo droit","Domicile","Goma","OCHA","10-Feb","February-2010","2/7/10","Tentative de vol / Pillage ","Introduction dans une maison par effraction","Tentative d'introduction par effraction",0,0,0
168,"Nord Kivu","Masisi","Matanda","Voie publique","Matanda - Bihambwe","OCHA","10-Feb","February-2010","2/11/10","Pillage","Vol de rue","Avec violence physique",0,1,0
169,"Nord Kivu","Rutshuru",,"Voie publique","Rumangabo - Katale","MSF-F","10-Feb","February-2010","2/15/10","Pillage","Vol de rue","Avec violence physique",0,0,0
170,"Nord Kivu","Rutshuru","Nyabanira","Voie publique","Ngwenda - Kiseguru","MERLIN","10-Feb","February-2010","2/15/10","Pillage","Vol de rue","Avec violence physique",0,0,0
171,"Nord Kivu","Rutshuru","Nyabanira","Voie publique","Ngwenda - Kiseguru","CESVI","10-Feb","February-2010","2/15/10","Pillage","Vol de rue","Avec violence physique",0,0,0
172,"Nord Kivu","Communes of Goma","Quartier Kyeshero","Domicile","Goma","UNDSS","10-Feb","February-2010","2/20/10","Tentative de vol / Pillage ","Introduction dans une maison par effraction","Tentative d'introduction par effraction",0,0,0
173,"Nord Kivu","Rutshuru","Nyanzale","Voie publique","Kihindo - Kikuku","Care International","10-Feb","February-2010","2/23/10","Agressions ","Agression physique","agression non sexuelle ",0,0,0
174,"Nord Kivu","Beni","Lubiriya / Kasindi","Domicile","Vieux Kasindi - Kasindi","Oxfam-GB","10-Feb","February-2010","2/24/10","Tentative de vol / Pillage ","Introduction dans une maison par effraction","Tentative d'introduction par effraction",0,0,0
175,"Nord Kivu","Communes of Goma","Quartier les volcans","Lieu public","Goma","AVSI","10-Mar","March-2010","3/1/10","Tracasseries","Detention physique","Detention",0,0,0
176,"Nord Kivu","Beni","Beni","Domicile","Beni","Solidaritթs","10-Mar","March-2010","3/6/10","Tentative de vol / Pillage ","Introduction dans une maison par effraction","Tentative d'introduction par effraction",0,0,0
177,"Nord Kivu","Walikale","Malemo","Voie publique","Kalembe - Pinga","OIM","10-Mar","March-2010","3/7/10","Agressions ","Voie de fait  avec violence","Voie de fait",0,0,0
178,"Nord Kivu","Communes of Goma","Quartier les volcans","Domicile","Goma","WVI","10-Mar","March-2010","3/8/10","Tentative de vol / Pillage ","Introduction dans une maison par effraction","Tentative d'introduction par effraction",0,0,0
179,"Nord Kivu","Masisi","Loashi","Voie publique","Masisi Centre - Loashi","UNDSS","10-Mar","March-2010","3/9/10","Pillage","Vol de rue","Avec violence physique",0,0,0
180,"Nord Kivu","Communes of Goma","Quartier Kasiki","Domicile","Goma","UNDSS","10-Mar","March-2010","3/11/10","Pillage","Introduction dans une maison par effraction","Avec violence physique",0,0,0
181,"Nord Kivu","Lubero","Kayna","Voie publique","Kayna - Kirumba","APETAMACO","10-Mar","March-2010","3/12/10","Pillage","Vol de rue","Avec violence physique",0,0,0
182,"Nord Kivu","Rutshuru","Rutshuru","Voie publique","Rutshuru centre - Kiwanja","MERLIN","10-Mar","March-2010","3/13/10","Pillage","Vol de rue","Avec violence physique",0,0,0
183,"Nord Kivu","Communes of Goma","Goma","Domicile","Goma","MERLIN","10-Mar","March-2010","3/15/10","Pillage","Introduction dans une maison par effraction","Avec violence physique",0,0,0
184,"Nord Kivu","Walikale","Kampala","Voie publique","Walikale Centre - Nyasi","OCHA","10-Mar","March-2010","3/15/10","Agressions ","Perturbations","Emeute",0,0,0
185,"Nord Kivu","Rutshuru","Kibirizi","Voie publique","Kibirizi - Rwindi","UNDSS","10-Mar","March-2010","3/18/10","Pillage","Vol de rue","Avec violence physique",0,1,0
186,"Nord Kivu","Beni","Cantine","Lieu public","Beni-Cantine","SOFEPADI","10-Mar","March-2010","3/22/10","Pillage","Vol de rue","Avec violence physique",0,0,0
187,"Nord Kivu","Masisi","Kitchanga","Domicile","Burungu - Kitchanga","MSF-H","10-Mar","March-2010","3/22/10","Pillage","Introduction dans une maison par effraction","Avec violence physique",0,0,0
188,"Nord Kivu","Masisi","Kitchanga","Domicile","Burungu - Kitchanga","MSF-H","10-Mar","March-2010","3/23/10","Pillage","Introduction dans une maison par effraction","Avec violence physique",0,0,0
189,"Nord Kivu","Communes of Goma","Goma","Domicile","Goma","ADR","10-Mar","March-2010","3/24/10","Pillage","Introduction dans une maison par effraction","Avec violence physique",0,0,0
190,"Nord Kivu","Lubero","Lubero","Bureau","Kalungu - Lubero","Oxfam - GB","10-Mar","March-2010","3/25/10","Pillage","Securite des bureaux","Introduction dans un bureau par effraction",0,0,0
191,"Nord Kivu","Rutshuru","Kirima","Voie publique","Katwe - Kashalira","MERLIN","10-Mar","March-2010","3/26/10","Pillage","Vol de rue","Avec violence physique",0,0,0
192,"Nord Kivu","Communes of Goma","Quartier Murara","Domicile","Goma","PAM","10-Mar","March-2010","3/30/10","Tentative de vol / Pillage ","Introduction dans une maison par effraction","Tentative d'introduction par effraction",0,0,0
193,"Nord Kivu","Rutshuru","Kabindi","Voie publique","Kabindi - Ruanguba","IRC","10-Apr","April-2010","4/8/10","Agressions ","Perturbations","Bagare routier",0,0,0
194,"Nord Kivu","Rutshuru","Nyabanira","Voie publique","Ngwenda - Kiseguru","UNDSS","10-Apr","April-2010","4/9/10","Pillage","Vol de rue","Avec violence physique",0,0,0
195,"Nord Kivu","Beni","Beni","Lieu public","Beni","OCHA Beni","10-Apr","April-2010","4/14/10","Agressions ","Voie de fait  avec violence","Agression physique",0,1,0
196,"Nord Kivu","Communes of Goma","Quartier Kyeshero","Domicile","Goma","UNDSS - MSF-H","10-Apr","April-2010","4/17/10","Tentative de vol / Pillage ","Introduction dans une maison par effraction","Tentative d'introduction par effraction",0,0,0
197,"Nord Kivu","Masisi","Kitchanga","Domicile","Sake - Kitchanga","MSF-H","10-Apr","April-2010","4/18/10","Pillage","Introduction dans une maison par effraction","Avec violence physique",0,0,0
198,"Nord Kivu","Communes of Goma","Quartier Kyeshero","Domicile","Goma","MSF-H","10-Apr","April-2010","4/20/10","Tentative de vol / Pillage ","Introduction dans une maison par effraction","Tentative d'introduction par effraction",0,0,0
199,"Nord Kivu","Communes of Goma","Quartier Office I","Domicile","Goma","World Vision","10-Apr","April-2010","4/25/10","Tentative de vol / Pillage ","Introduction dans une maison par effraction","Tentative d'introduction par effraction",0,0,0
200,"Nord Kivu","Lubero","Luhutu","Lieu public","Bingi - Bunyatenge","CICR","10-Apr","April-2010","4/28/10","Agressions ","Agression physique","agression non sexuelle ",0,0,0
201,"Nord Kivu","Lubero","Kirumba","Bureau","Kayna - Kaseghe","OCHA","10-May","May-2010","5/2/10","Tentative de vol / Pillage ","Introduction dans une maison par effraction","Tentative d'introduction par effraction",0,0,0
202,"Nord Kivu","Communes of Goma","Quartier les volcans","Lieu public","Goma","COOPI","10-May","May-2010","5/6/10","Pillage","Securite des vehicules","Vol de vehicule",0,0,0
203,"Nord Kivu","Rutshuru","Katwe","Domicile","Nyanzale-Kikuku","MERLIN","10-May","May-2010","5/8/10","Agressions ","Voie de fait  avec violence","Voie de fait",0,0,0
204,"Nord Kivu","Masisi","Kitchanga","Voie publique","Sake - Kitchanga","World Vision","10-May","May-2010","5/9/10","Agressions ","Agression physique","agression non sexuelle ",0,0,0
205,"Nord Kivu","Masisi","Kitchanga","Bureau","Sake - Kitchanga","SC-UK","10-May","May-2010","5/13/10","Agressions ","Perturbations","manifestations",0,0,0
206,"Nord Kivu","Rutshuru","Rutshuru","Bureau","Rutshuru - Kiwanja","SC-UK","10-May","May-2010","5/17/10","Agressions ","Perturbations","manifestations",0,0,0
207,"Nord Kivu","Communes of Goma","Quartier Nyabushongo","Domicile","Goma","NRC","10-May","May-2010","5/22/10","Pillage","Vol de rue","Avec violence physique",0,0,0
208,"Nord Kivu","Communes of Goma","Quartier les volcans","Domicile","Goma","UNDSS","10-May","May-2010","5/27/10","Pillage","Introduction dans une maison par effraction","Sans violence physique",0,0,0
209,"Nord Kivu","Communes of Goma","Quartier Himbi","Domicile","Goma","UNDSS","10-May","May-2010","5/31/10","Tentative de vol / Pillage ","Introduction dans une maison par effraction","Sans violence physique",0,0,0
210,"Nord Kivu","Lubero","Lubango","Lieu public","Kitsumbiro - Lubango","UNDSS","10-Jun","June-2010","6/7/10","Pillage","Introduction dans une maison par effraction","Sans violence physique",0,0,0
211,"Nord Kivu","Walikale","Biruwe","Voie publique","Ndjingala - Biruwe","OCHA","10-Jun","June-2010","6/9/10","Tracasseries","Voie de fait  avec violence","Voie de fait",0,0,0
212,"Nord Kivu","Masisi","Sake","Bureau","Goma - Sake","World Vision ","10-Jun","June-2010","6/10/10","Cambriolage ","Introduction dans une maison par effraction","Avec violence physique",0,0,0
213,"Nord Kivu","Masisi","Kihusha","Voie publique","Kitchanga - Mweso","CICR","10-Jun","June-2010","6/20/10","Pillage","Vol de rue","Sans violence physique",0,0,0
214,"Nord Kivu","Rutshuru","Mabenga","Voie publique","Kiwanja - Mabenga","UNDSS","10-Jun","June-2010","6/25/10","Pillage","Vol de rue","Sans violence physique",0,0,0
215,"Nord Kivu","Beni","Kalunguta","Domicile","Beni - Butembo","OCHA","10-Jun","June-2010","6/29/10","Meurtre / Assassinat ","Agression physique","Meurtre",0,0,1
216,"Nord Kivu","Rutshuru","Rwindi","Voie publique","Mabenga - rwindi","OCHA","10-Jul","July-2010","7/2/10","Requisition forcee","Securite des vehicules","cambriolage de voiture",0,0,0
217,"Nord Kivu","Communes of Goma","Quartier Virunga","Domicile","Goma","UNDSS","10-Jul","July-2010","7/6/10","Tentative de vol / Pillage ","Introduction dans une maison par effraction","Tentative d'introduction par effraction",0,0,0
218,"Nord Kivu","Masisi","Kitchanga","Voie publique","Sake - Kitchanga","MSF-H","10-Jul","July-2010","7/7/10","Agressions ","Agression physique","agression non sexuelle ",0,0,0
219,"Nord Kivu","Beni","Mayi Tatu","Voie publique","Beni - Mayi Tatu","OCHA","10-Jul","July-2010","7/12/10","Pillage","Vol de rue","Sans violence physique",0,0,0
220,"Nord Kivu","Masisi","JTN","Voie publique","Mweso - JTN","OCHA","10-Jul","July-2010","7/14/10","Pillage","Vol de rue","Avec violence physique",0,0,0
221,"Nord Kivu","Masisi","Burungu","Voie publique","Burungu - Kitchanga","AVSI","10-Jul","July-2010","7/15/10","Agressions ","Agression physique","agression non sexuelle ",0,0,0
222,"Nord Kivu","Rutshuru","Kinyabundu","Voie publique","Mumba - Bishusha","AVSI","10-Jul","July-2010","7/15/10","Agressions ","Vol de rue","Avec violence physique",0,0,0
223,"Nord Kivu","Communes of Goma","Quartier Himbi","Domicile","Goma","WVI","10-Jul","July-2010","7/18/10","Tentative de vol / Pillage ","Introduction dans une maison par effraction","Tentative d'introduction par effraction",0,0,0
224,"Nord Kivu","Walikale","Mutakato","Voie publique","Mutakato - Mpofi","AVSI","10-Jul","July-2010","7/21/10","Pillage","Vol de rue","Avec violence physique",0,0,0
225,"Nord Kivu","Lubero","Katolo","Lieu public","Muramba - Katolo","MERLIN","10-Jul","July-2010","7/22/10","Tentative de vol / Pillage ","Voie de fait  avec violence","Voie de fait",0,0,0
226,"Nord Kivu","Beni","Beni","Bureau","Beni - Butembo","NRC","10-Jul","July-2010","7/26/10","Tentative de vol / Pillage ","Introduction dans une maison par effraction","Tentative d'introduction par effraction",0,0,0
227,"Nord Kivu","Walikale","Mindjendje","Voie publique","Pinga - Kalembe","MSF-H","10-Jul","July-2010","7/26/10","Pillage","Vol de rue","Sans violence physique",0,0,0
228,"Nord Kivu","Communes of Goma","Quartier les volcans","Bureau","Goma","UNDSS","10-Jul","July-2010","7/31/10","Pillage","Securite des vehicules","Vol de vehicule",0,0,0
229,"Nord Kivu","Lubero","Katondi","Voie publique","Kipese - Katondi","WHH (ex AAA)","10-Aug","August-2010","8/3/10","Pillage","Vol de rue","Sans violence physique",0,0,0
230,"Nord Kivu","Communes of Goma","Quartier Katindo droit","Lieu public","Goma","UNICEF","10-Aug","August-2010","8/5/10","Pillage","Vol de rue","Sans violence physique",0,0,0
231,"Nord Kivu","Walikale","Kalonge","Voie publique","Mpofi-Kibua","Caritas","10-Aug","August-2010","8/5/10","Pillage","Vol de rue","Avec violence physique",0,0,0
232,"Nord Kivu","Masisi","Nyamitaba","Voie publique","Nyamitaba - Lushebere","AVSI","10-Aug","August-2010","8/7/10","Pillage","Vol de rue","Avec violence physique",0,0,0
233,"Nord Kivu","Rutshuru","Katwe","Voie publique","Kikuku - Katwe","Solidaritթs ","10-Aug","August-2010","8/11/10","Pillage","Vol de rue","Avec violence physique",0,0,0
234,"Nord Kivu","Communes of Goma","Quartier Virunga","Domicile","Goma","UNDSS","10-Aug","August-2010","8/17/10","Tentative de vol / Pillage ","Introduction dans une maison par effraction","Tentative d'introduction par effraction",0,0,0
235,"Nord Kivu","Lubero","Lubero","Bureau","Lubero - Butembo","UNDSS","10-Aug","August-2010","8/17/10","Cambriolage ","Securite des bureaux","Introduction dans un bureau par effraction",0,0,0
236,"Nord Kivu","Rutshuru","Kitwe","Voie publique","Mutabo - Karambi","UNDSS","10-Aug","August-2010","8/19/10","Agressions ","Voie de fait  avec violence","Voie de fait",0,0,0
237,"Nord Kivu","Rutshuru","Luve","Voie publique","Luve - Nyanzale","UNDSS","10-Sep","September-2010","9/2/10","Agression armee ","Voie de fait  avec violence","Voie de fait",0,2,0
238,"Nord Kivu","Walikale","Molema","Voie publique","Kalembe - Pinga","Premiere Urgence","10-Sep","September-2010","9/3/10","Pillage","Vol de rue","Avec violence physique",0,0,0
239,"Nord Kivu","Rutshuru","Luve","Voie publique","Luve - Nyanzale","MERLIN","10-Sep","September-2010","9/7/10","Pillage","Vol de rue","Avec violence physique",0,0,0
240,"Nord Kivu","Walikale","Walikale","Bureau","Walikale ","GRAADE","10-Sep","September-2010","9/13/10","Cambriolage ","Securite des bureaux","Introduction dans un bureau par effraction",0,0,0
241,"Nord Kivu","Masisi","Kalembe","Voie publique","Kalembe-Ihula","MSF-H","10-Sep","September-2010","9/16/10","Pillage","Vol de rue","Avec violence physique",0,0,0
242,"Nord Kivu","Masisi","Mweso","Voie publique","Katsiru - Mweso","AVSI","10-Sep","September-2010","9/17/10","Pillage","Vol de rue","Avec violence physique",0,0,0
243,"Nord Kivu","Masisi","Kitchanga","Lieu public","Sake - Kitchanga","AVSI","10-Sep","September-2010","9/20/10","Pillage","Vol de rue","Avec violence physique",0,0,0
244,"Nord Kivu","Rutshuru","Bambo","Lieu public","Tongo - Nyanzale","AVSI","10-Sep","September-2010","9/20/10","Requisition forcee","Voie de fait  avec violence","Voie de fait",0,0,0
245,"Nord Kivu","Beni","Beni","Voie publique","Beni - Kasindi","CICR","10-Sep","September-2010","9/22/10","Agressions ","Autres incidents securitaires",,0,0,0
246,"Nord Kivu","Rutshuru","Kishishe","Voie publique","Tongo - Nyanzale","MSF-H","10-Sep","September-2010","9/23/10","Pillage","Vol de rue","Avec violence physique",0,1,0
247,"Nord Kivu","Walikale","Nkumbwa","Voie publique","Walikale -Mpofi","IMC","10-Sep","September-2010","9/23/10","Pillage","Vol de rue","Avec violence physique",0,0,0
248,"Nord Kivu","Lubero","Bunyatenge","Voie publique","Mbughavinywa - Bunyatenge","WHH","10-Sep","September-2010","9/24/10","Agressions ","Autres incidents securitaires",,0,0,0
249,"Nord Kivu","Walikale","Kalonge","Voie publique","Walikale Centre - Mpofi","OCHA","10-Sep","September-2010","9/30/10","Pillage","Vol de rue","Avec violence physique",0,0,0
250,"Nord Kivu","Rutshuru","Kikuku","Voie publique","Kikuku - Nyanzale","MSF-F","10-Oct","October-2010","10/4/10","Pillage","Vol de rue","Avec violence physique",0,0,0
251,"Nord Kivu","Communes of Goma","Quartier Katindo gauche","Domicile","Goma","Mercy Corps","10-Oct","October-2010","10/7/10","Cambriolage ","Vol de rue","Avec violence physique",0,0,0
252,"Nord Kivu","Communes of Goma","Quartier Mabanga Sud","Domicile","Goma","UNDSS","10-Oct","October-2010","10/7/10","Cambriolage ","Vol de rue","Avec violence physique",0,0,0
253,"Nord Kivu","Rutshuru","Luve","Voie publique","Nyanzale - Katsiru","AVSI","10-Oct","October-2010","10/14/10","Pillage","Vol de rue","Avec violence physique",0,0,0
254,"Nord Kivu","Masisi","Carton","Voie publique","Kitchanga - Mweso","AVSI","10-Oct","October-2010","10/19/10","Pillage","Vol de rue","Avec violence physique",0,1,0
255,"Nord Kivu","Beni","Beni","Voie publique","Beni","PEAC","10-Oct","October-2010","10/21/10","Meurtre / Assassinat ","Agression physique","Meurtre",0,0,1
256,"Nord Kivu","Walikale","Nkumbwa","Voie publique","Walikale Centre - Mpofi","ACF - USA","10-Oct","October-2010","10/21/10","Agressions ","Agression physique","agression non sexuelle ",0,0,0
257,"Nord Kivu","Communes of Goma","Quartier Katindo gauche","Domicile","Goma","OCHA","10-Oct","October-2010","10/24/10","Tentative de vol / Pillage ","Vol de rue",,0,0,0
258,"Nord Kivu","Rutshuru","Katwiguru","Voie publique","Kiwanja - Nyamilima","Heal Africa","10-Oct","October-2010","10/25/10","Pillage","Vol de rue","Avec violence physique",0,0,0
259,"Nord Kivu","Masisi","Rugebeshe","Voie publique","Sake - Kitchanga","AVSI","10-Oct","October-2010","10/28/10","Pillage","Vol de rue","Avec violence physique",0,0,0
260,"Nord Kivu","Masisi","Karuba","Lieu public","Sake - Karuba","Heppage International","10-Nov","November-2010","11/5/10","Pillage","Vol de rue","Avec violence physique",0,0,0
261,"Nord Kivu","Rutshuru","Kiwanja","Bureau","Rutshuru Centre - Kiwanja","World Vision","10-Nov","November-2010","11/11/10","Pillage","Introduction dans une maison par effraction","Avec violence physique",0,0,0
262,"Nord Kivu","Beni","Beni","Domicile","Beni - Butembo","PAP-RDC","10-Nov","November-2010","11/12/10","Tentative de vol / Pillage ","Introduction dans une maison par effraction","Tentative d'introduction par effraction",0,0,0
263,"Nord Kivu","Masisi","Kitchanga","Voie publique","Kitchanga - Birambizo","Johanniter ","10-Nov","November-2010","11/12/10","Pillage","Vol de rue","Avec violence physique",0,0,0
264,"Nord Kivu","Masisi","Kabati","Lieu public","Sake - Kitchanga","COOPI","10-Nov","November-2010","11/15/10","Tracasseries","Perturbations","manifestations",0,0,0
265,"Nord Kivu","Masisi","Nyakabingu","Voie publique","Mokoto բ_��_�� Muhanga","MSF-H","10-Nov","November-2010","11/19/10","Pillage","Vol de rue","Sans violence physique",0,0,0
266,"Nord Kivu","Masisi","Nyakabingu","Voie publique","Mokoto բ_��_�� Muhanga","Mercy Corps","10-Nov","November-2010","11/19/10","Pillage","Vol de rue","Avec violence physique",0,0,0
267,"Nord Kivu","Masisi","Ngandjo","Voie publique","Kirolirwe - Nyamitaba","World Vision International","10-Nov","November-2010","11/25/10","Pillage","Vol de rue","Avec violence physique",0,0,0
268,"Nord Kivu","Walikale","Ishunga","Voie publique","Walikale Centre - Mpofi","AVSI","10-Nov","November-2010","11/29/10","Agression armee ","Voie de fait  avec violence","Voie de fait",0,2,0
269,"Nord Kivu","Masisi","Nyakabingu","Voie publique","Mokoto - Muhanga","UNICEF","10-Dec","December-2010","12/1/10","Pillage","Vol de rue","Avec violence physique",0,0,0
270,"Nord Kivu","Lubero","Mbughavinwa","Voie publique","Luofu - Bitakongo","CEPROSSAN","10-Dec","December-2010","12/7/10","Agressions ","Vol de rue","Avec violence physique",0,0,0
271,"Nord Kivu","Rutshuru","Ruvumbura","Voie publique","Jomba - Karambi","AVSI","10-Dec","December-2010","12/8/10","Agression armee ","Voie de fait  avec violence","Voie de fait",0,0,0
272,"Nord Kivu","Walikale","Walikale","Lieu public","Walikale","Solidaritթs","10-Dec","December-2010","12/12/10","Agressions ","Perturbations","manifestations",0,0,0
273,"Nord Kivu","Masisi","Masisi","Lieu public","Sake - Masisi ","WVI","10-Dec","December-2010","12/17/10","Pillage","Vol de rue",,0,0,0
274,"Nord Kivu","Rutshuru","Kiwanja","Voie publique","Kiwanja - Rutshuru","MSF-F","10-Dec","December-2010","12/17/10","Pillage","Vol de rue","Avec violence physique",0,0,0
275,"Nord Kivu","Communes of Goma","Quartier Kyeshero","Domicile","Goma","Helpage International","10-Dec","December-2010","12/21/10",,"Introduction dans une maison par effraction","Sans violence physique",0,0,0
276,"Nord Kivu","Communes of Goma","Quartier les volcans","Domicile","Goma","OCHA","10-Dec","December-2010","12/25/10",,"Introduction dans une maison par effraction","Sans violence physique",0,0,0
277,"Nord Kivu","Communes of Goma","Quartier Kyeshero","Domicile","Goma","UNDSS","11-Jan","January-2011","1/8/11",,"Introduction dans une maison par effraction","Tentative d'introduction par effraction",0,0,0
278,"Nord Kivu","Communes of Goma","Quartier les volcans","Domicile","Goma","UNDSS","11-Jan","January-2011","1/13/11",,"Introduction dans une maison par effraction","Tentative d'introduction par effraction",0,0,0
279,"Nord Kivu","Rutshuru","Luve","Voie publique","Katsiru - Nyanzale","UNDSS","11-Jan","January-2011","1/17/11",,"Vol de rue","Sans violence physique",0,0,0
280,"Nord Kivu","Rutshuru","Katwiguru","Voie publique","Kiwanja - Nyamilima","CICR","11-Jan","January-2011","1/19/11",,"Vol de rue","Sans violence physique",0,0,0
281,"Nord Kivu","Lubero","Timbo Timbo","Voie publique","Luofu - Mbughavinwa","WHH (ex AAA)","11-Jan","January-2011","1/20/11",,"Securite des vehicules","Detournement arme",0,0,0
282,"Nord Kivu","Communes of Goma","Quartier Katindo gauche","Bureau","Goma","SAP","11-Jan","January-2011","1/22/11",,"Securite des bureaux","Introduction dans un bureau par effraction",0,0,0
283,"Nord Kivu","Rutshuru","Ngoholo","Voie publique","Birambizo - Katsiru - Mweso","NRC","11-Jan","January-2011","1/25/11",,"Vol de rue","Sans violence physique",0,0,0
284,"Nord Kivu","Rutshuru","Nyanzale","Voie publique","Katsiru - Nyanzale","MSF-F","11-Jan","January-2011","1/25/11",,"Vol de rue","Sans violence physique",0,0,0
285,"Nord Kivu","Rutshuru","Gombe","Voie publique","Kiwanja - Nyamilima","MERLIN","11-Jan","January-2011","1/31/11",,"Vol de rue","Sans violence physique",0,0,0
286,"Nord Kivu","Communes of Goma","Quartier Kasiki","Domicile","Goma","UNDSS","11-Feb","February-2011","2/5/11",,"Introduction dans une maison par effraction","Tentative d'introduction par effraction",0,0,0
287,"Nord Kivu","Communes of Goma","Quartier les volcans","Domicile","Goma","UNDSS","11-Feb","February-2011","2/11/11",,"Introduction dans une maison par effraction","Avec violence physique",0,0,0
288,"Nord Kivu","Communes of Goma","Quartier Mapendo","Lieu public","Aթroport - Rond-point Birere","Care International","11-Feb","February-2011","2/14/11",,"Agression physique","agression non sexuelle ",0,0,0
289,"Nord Kivu","Rutshuru","Kahunga","Voie publique","Kiwanja - Mabenga","Care International","11-Feb","February-2011","2/15/11",,"Agression physique","agression non sexuelle ",0,1,0
290,"Nord Kivu","Rutshuru","Mabenga","Lieu public","Kiwanja - Rwindi","WHH (ex AAA)","11-Feb","February-2011","2/16/11",,"Vol de rue","Avec violence physique",0,1,0
291,"Nord Kivu","Rutshuru","Nyanzale","Voie publique","Nyanzale - Katsiru","JRS","11-Feb","February-2011","2/16/11",,"Vol de rue","Sans violence physique",0,0,0
292,"Nord Kivu","Communes of Goma","Quartier Himbi","Domicile","Goma","UNDSS","11-Feb","February-2011","2/18/11",,"Introduction dans une maison par effraction","Tentative d'introduction par effraction",0,0,0
293,"Nord Kivu","Masisi","Kitchanga","Voie publique","Sake - Kitchanga","SC-UK","11-Feb","February-2011","2/23/11",,"Vol de rue","Avec violence physique",0,1,0
294,"Nord Kivu","Walikale","Mpofi","Voie publique","Mpofi - Kibua","ACF-USA","11-Feb","February-2011","2/23/11",,"Vol de rue","Sans violence physique",0,0,0
295,"Nord Kivu","Masisi","Misinga","Voie publique","Bweru - Mweso","MSF-F","11-Feb","February-2011","2/25/11",,"Vol de rue","Sans violence physique",0,0,0
296,"Nord Kivu","Beni","Beni","Domicile","Beni","UNDSS","11-Feb","February-2011","2/26/11",,"Introduction dans une maison par effraction","Sans violence physique",0,0,0
297,"Nord Kivu","Rutshuru","Mutwangano","Voie publique","Nyanzale - Mweso","HCR / UNDSS","11-Mar","March-2011","3/3/11",,"Vol de rue","Avec violence physique",0,0,0
298,"Nord Kivu","Walikale","Kumbwa","Voie publique","Walikale centre - Mpofi ","OCHA","11-Mar","March-2011","3/12/11",,"Vol de rue","Sans violence physique",0,0,0
299,"Nord Kivu","Communes of Goma","Quartier les volcans","Lieu public","Goma","CICR","11-Mar","March-2011","3/14/11",,"Vol de rue","Sans violence physique",0,0,0
300,"Nord Kivu","Lubero","Butembo","Bureau","Beni - Butembo","SC-UK","11-Mar","March-2011","3/15/11",,"Securite des bureaux","Introduction dans un bureau par effraction",0,0,0
301,"Nord Kivu","Masisi","Kashuga","Voie publique","Kashuga - Kalembe","Mercy Corps","11-Mar","March-2011","3/16/11",,"Vol de rue","Sans violence physique",0,0,0
302,"Nord Kivu","Masisi","Kitchanga","Voie publique","Sake - Kitchanga","OCHA","11-Mar","March-2011","3/23/11",,"Vol de rue","Sans violence physique",0,0,0
303,"Nord Kivu","Beni","Beni","Domicile","Beni - Butembo","NRC","11-Mar","March-2011","3/27/11",,"Introduction dans une maison par effraction","Avec violence physique",0,0,0
304,"Nord Kivu","Communes of Goma","Quartier Kyeshero","Voie publique","Goma","NRC","11-Mar","March-2011","3/28/11",,"Vol de rue","Avec violence physique",0,1,0
305,"Nord Kivu","Rutshuru","Luve","Voie publique","Katsiru - Nyanzale","GIZ","11-Mar","March-2011","3/29/11",,"Vol de rue","Avec violence physique",0,0,0
306,"Nord Kivu","Rutshuru","Rutshuru","Voie publique","Goma - Rutshuru","WOA","11-Mar","March-2011","3/31/11",,"Perturbations","manifestations",0,0,0
307,"Nord Kivu","Masisi","Kalengera ","Voie publique","Kalengera - Mpati","OCHA","11-Apr","April-2011","4/1/11",,"Perturbations","Bagare routier",0,0,0
308,"Nord Kivu","Masisi","Carton","Voie publique","Kichanga - Mweso","MSF-H","11-Apr","April-2011","4/5/11",,"Vol de rue","Avec violence physique",0,0,0
309,"Nord Kivu","Masisi","Tebero","Voie publique","Burungu - Kitchanga","NRC","11-Apr","April-2011","4/5/11",,"Agression physique",,0,0,0
310,"Nord Kivu","Masisi","JTN","Voie publique","Mweso - Nyanzale","Mercy Corps","11-Apr","April-2011","4/12/11",,"Vol de rue","Sans violence physique",0,0,0
311,"Nord Kivu","Masisi","Kabati","Voie publique","Kabati - Kirolirwe","SFCG","11-Apr","April-2011","4/26/11",,"Vol de rue","Sans violence physique",0,0,0
312,"Nord Kivu","Masisi","Kirolirwe","Voie publique","Sake - Kitchanga","OCHA","11-Apr","April-2011","4/29/11",,"Perturbations","manifestations",0,0,0
313,"Nord Kivu","Masisi","Kitchanga","Domicile","Sake - Kitchanga","HCR","11-Apr","April-2011","4/29/11",,"Vol de rue","Avec violence physique",0,1,0
314,"Nord Kivu","Lubero","Alimbongo","Voie publique","Alimbongo - Bunyatenge","Soldiratitթs","11-May","May-2011","5/2/11",,"Securite des vehicules","Detournement arme",0,1,0
315,"Nord Kivu","Communes of Goma","Quartier les volcans","Lieu public","Goma","UNDSS","11-May","May-2011","5/4/11",,"Securite des vehicules","Vol de vehicule",0,0,0
316,"Nord Kivu","Communes of Goma","Quartier Himbi","Domicile","Goma","OCHA","11-May","May-2011","5/8/11",,"Introduction dans une maison par effraction","Sans violence physique",0,0,0
317,"Nord Kivu","Masisi","Masisi","Bureau","Sake - Masisi Centre","NCA","11-May","May-2011","5/15/11",,"Autres incidents securitaires",,0,0,0
318,"Nord Kivu","Lubero","Kirumba","Bureau","Kayna բ_��_�� Mighobwe","OCHA","11-May","May-2011","5/16/11",,"Securite des bureaux","Introduction dans un bureau par effraction",0,0,0
319,"Nord Kivu","Communes of Goma","Quartier les volcans","Voie publique","Goma","SC-UK","11-May","May-2011","5/18/11",,"Securite des vehicules","Vol de vehicule",0,0,0
320,"Nord Kivu","Masisi","Kitchanga","Voie publique","Sake - Kitchanga","OCHA","11-May","May-2011","5/24/11",,"Vol de rue","Sans violence physique",0,0,0
321,"Nord Kivu","Masisi","Kitchanga","Voie publique","Sake - Kitchanga","OCHA","11-May","May-2011","5/24/11",,"Vol de rue","Sans violence physique",0,0,0
322,"Nord Kivu","Rutshuru","Mutwangano","Voie publique","Katsiru - Nyanzale","Mercy Corps","11-May","May-2011","5/26/11",,"Vol de rue","Sans violence physique",0,0,0
323,"Nord Kivu","Walikale","Walikale","Bureau","Walikale","OIM","11-May","May-2011","5/29/11",,"Securite des bureaux","Introduction dans un bureau par effraction",0,0,0
324,"Nord Kivu","Rutshuru","Luve","Voie publique","Katsiru - Nyanzale","GIZ","11-May","May-2011","5/31/11",,"Agression physique",,0,0,0
325,"Nord Kivu","Walikale","Walikale","Domicile","Walikale Centre","ACF-USA","11-Jun","June-2011","6/5/11",,"Agression physique",,0,0,0
326,"Nord Kivu","Rutshuru","Kalengera","Voie publique","Kalengera - Tongo","UNDSS","11-Jun","June-2011","6/7/11",,"Vol de rue","Sans violence physique",0,0,0
327,"Nord Kivu","Rutshuru","Kalengera","Voie publique","Kalengera - Tongo","IEDA Relief","11-Jun","June-2011","6/7/11",,"Agression physique",,0,0,0
328,"Nord Kivu","Masisi","JTN","Voie publique","Mweso - Nyanzale","NRC","11-Jun","June-2011","6/14/11",,"Vol de rue","Sans violence physique",0,0,0
329,"Nord Kivu","Communes of Goma","Quartier les volcans","Lieu public","Goma","UNDSS / MERLIN","11-Jun","June-2011","6/15/11",,"Securite des vehicules","Vol de vehicule",0,1,0
330,"Nord Kivu","Communes of Goma","Quartier Katindo droit","Voie publique","Goma","UNDSS","11-Jun","June-2011","6/18/11",,"Agression physique","agression non sexuelle ",0,0,0
331,"Nord Kivu","Rutshuru","Rwindi","Voie publique","Rwindi - Kanyabayonga","MERLIN","11-Jun","June-2011","6/22/11",,"Vol de rue","Sans violence physique",0,0,0
332,"Nord Kivu","Communes of Goma","Quartier Katindo gauche","Voie publique","Goma","HCR","11-Jun","June-2011","6/23/11",,"Agression physique",,0,0,0
333,"Nord Kivu","Rutshuru","Bambu","Voie publique","Bambu - Kabizo","Tearfund","11-Jun","June-2011","6/23/11",,"Vol de rue","Sans violence physique",0,0,0
334,"Nord Kivu","Rutshuru","Sisa","Voie publique","Kitchanga - Birambizo","AVSI","11-Jul","July-2011","7/7/11",,"Vol de rue","Sans violence physique",0,0,0
335,"Nord Kivu","Rutshuru","Rugarama","Voie publique","Kiwanja - Ishasha","OCHA","11-Jul","July-2011","7/12/11",,"Vol de rue","Sans violence physique",0,0,0
336,"Nord Kivu","Communes of Goma","Quartier les volcans","Domicile","Goma","CARE International","11-Jul","July-2011","7/17/11",,"Agression physique",,0,0,0
337,"Nord Kivu","Walikale","Walikale","Bureau","Mutakato - Walikale Centre","AAI","11-Jul","July-2011","7/25/11",,"Agression physique","agression non sexuelle ",0,1,0
338,"Nord Kivu","Rutshuru","Katsiru","Vehicule","Mweso - Nyanzale","Mercy Corps","11-Jul","July-2011","7/26/11",,"Vol de rue","Sans violence physique",0,0,0
339,"Nord Kivu","Rutshuru","Sisa","Voie publique","Bishusha - Bukombo","HCR","11-Jul","July-2011","7/29/11",,"Vol de rue","Avec violence physique",0,1,0
340,"Nord Kivu","Communes of Goma","Goma","Lieu public","Goma","UNDSS","11-Jul","July-2011","7/30/11",,"Voie de fait  avec violence","Voie de fait",0,0,0
341,"Nord Kivu","Communes of Goma","Quartier Mabanga Nord","Domicile","Goma","AVSI","11-Aug","August-2011","8/1/11",,"Introduction dans une maison par effraction","Sans violence physique",0,0,0
342,"Nord Kivu","Beni","Beni","Domicile","Beni - Butembo","UNDSS","11-Aug","August-2011","8/3/11",,"Introduction dans une maison par effraction","Sans violence physique",0,0,0
343,"Nord Kivu","Rutshuru","Luve","Voie publique","Katsiru - Nyanzale","NRC","11-Aug","August-2011","8/3/11",,"Vol de rue","Sans violence physique",0,0,0
344,"Nord Kivu","Walikale","Walikale","Domicile","Walikale centre","ACF-USA","11-Aug","August-2011","8/9/11",,"Voie de fait  avec violence","Voie de fait",0,0,0
345,"Nord Kivu","Beni","Beni","Domicile","Beni - Butembo","NRC","11-Aug","August-2011","8/12/11",,"Autres incidents securitaires",,0,0,0
346,"Nord Kivu","Beni","Beni","Domicile","Beni - Butembo","NRC","11-Aug","August-2011","8/13/11",,"Introduction dans une maison par effraction","Tentative d'introduction par effraction",0,0,0
347,"Nord Kivu","Beni","Beni","Domicile","Beni - Butembo","NRC","11-Aug","August-2011","8/14/11",,"Introduction dans une maison par effraction","Tentative d'introduction par effraction",0,0,0
348,"Nord Kivu","Communes of Goma","Quartier Mapendo","Lieu public","Goma","MERRLIN","11-Aug","August-2011","8/17/11",,"Vol de rue","Sans violence physique",0,0,0
349,"Nord Kivu","Communes of Goma","Quartier Mabanga Nord","Domicile","Goma","SC-UK","11-Aug","August-2011","8/19/11",,"Introduction dans une maison par effraction","Tentative d'introduction par effraction",0,0,0
350,"Nord Kivu","Masisi","Sake","Lieu public","Goma - Sake","FONHAD","11-Aug","August-2011","8/25/11",,"Detention physique","Arrestation",0,0,0
351,"Nord Kivu","Masisi","Kitchanga","Domicile","Sake - Kitchanga","Heal Africa","11-Aug","August-2011","8/26/11",,"Voie de fait  avec violence","Voie de fait",0,0,0
352,"Nord Kivu","Communes of Goma","Quartier Virunga","Domicile","Goma","UNDSS","11-Sep","September-2011","9/4/11",,"Introduction dans une maison par effraction","Sans violence physique",0,0,0
353,"Nord Kivu","Communes of Goma","Quartier Katindo droit","Voie publique","Goma - Sake","IRC","11-Sep","September-2011","9/6/11",,"Detention physique","Detention",0,0,0
354,"Nord Kivu","Walikale","Kigoma","Voie publique","Walikale Centre - Mpofi","GRACE","11-Sep","September-2011","9/9/11",,"Agression physique","Prise d'otage",0,0,0
355,"Nord Kivu","Communes of Goma","Quartier Himbi","Voie publique","Goma","Heal Africa","11-Sep","September-2011","9/10/11",,"Voie de fait  avec violence","Voie de fait",0,0,0
356,"Nord Kivu","Lubero","Kaseghe","Voie publique","Kayna - Kaseghe","WHH","11-Sep","September-2011","9/10/11",,"Agression physique","Prise d'otage",0,0,0
357,"Nord Kivu","Lubero","Masereka","Voie publique","Lubero - Masereka","Handicap International","11-Sep","September-2011","9/20/11",,"Vol de rue","Sans violence physique",0,0,0
358,"Nord Kivu","Communes of Goma","Goma","Domicile","Goma","AAI","11-Sep","September-2011","9/22/11",,"Introduction dans une maison par effraction","Sans violence physique",0,0,0
359,"Nord Kivu","Communes of Goma","Goma","Voie publique","Goma","Heal Africa","11-Sep","September-2011","9/26/11",,"Autres incidents securitaires","Autres incidents securitaires",0,0,0
360,"Nord Kivu","Masisi","Kitchanga","Voie publique","Mokoto-Kitchanga","OCHA","11-Sep","September-2011","9/29/11",,"Securite des vehicules","Detournement arme",0,0,0
361,"Nord Kivu","Masisi","Kitchanga","Voie publique","Mokoto - Kitchanga","OCHA","11-Sep","September-2011","9/29/11",,"Securite des vehicules","Detournement arme",0,0,0
362,"Nord Kivu","Walikale","Walikale","Bureau","Walikale Centre - Mutakato","IMC","11-Oct","October-2011","10/1/11",,"Securite des bureaux","Introduction dans un bureau par effraction",0,0,0
363,"Nord Kivu","Masisi","Kitchanga","Bureau","Sake - Kitchanga","HCR","11-Oct","October-2011","10/3/11",,"Securite des bureaux","Introduction dans un bureau par effraction",0,0,0
364,"Nord Kivu","Masisi","Kisima","Voie publique","Loashi - Bonde","HCR","11-Oct","October-2011","10/11/11",,"Vol de rue","Sans violence physique",0,0,0
365,"Nord Kivu","Masisi","Kaandja","Voie publique","Sake - Masisi Centre","NRC","11-Oct","October-2011","10/12/11",,"Securite des vehicules","cambriolage de voiture",0,0,0
366,"Nord Kivu","Walikale","Walikale","Domicile","Walikale Centre - Mutakato","Heal Africa","11-Oct","October-2011","10/12/11",,"Introduction dans une maison par effraction","Tentative d'introduction par effraction",0,0,0
367,"Nord Kivu","Masisi","Masisi","Voie publique","Sake - Masisi","NRC","11-Oct","October-2011","10/15/11",,"Securite des vehicules","cambriolage de voiture",0,0,0
368,"Nord Kivu","Walikale","Pinga","Lieu public","Pinga - Kalembe","IEDA","11-Oct","October-2011","10/15/11",,"Autres incidents securitaires","Autres incidents securitaires",0,0,0
369,"Nord Kivu","Communes of Goma","Quartier Mabanga Nord","Voie publique","Goma","OCHA","11-Oct","October-2011","10/18/11",,"Agression physique","agression non sexuelle ",0,0,0
370,"Nord Kivu","Rutshuru","Burai","Voie publique","Burai - Bunagana","Merlin","11-Oct","October-2011","10/26/11",,"Vol de rue","Sans violence physique",0,0,0
371,"Nord Kivu","Masisi","Kaandja","Voie publique","Loashi - Kaandja","GRAADE","11-Nov","November-2011","11/1/11",,"Agression physique","Prise d'otage",2,0,0
372,"Nord Kivu","Rutshuru","Kanyangwazi","Voie publique","Kanyabayonga - Rwindi","AAI","11-Nov","November-2011","11/1/11",,"Agression physique",,1,0,0
373,"Nord Kivu","Walikale","Kashebere","Bureau","Mpofi - Kashebere","GRAADE","11-Nov","November-2011","11/2/11",,"Securite des bureaux","Occupation des bureaux",0,0,0
374,"Nord Kivu","Communes of Goma","Quartier Himbi","Domicile","Goma","UNDSS","11-Nov","November-2011","11/4/11",,"Agression physique",,0,0,0
375,"Nord Kivu","Rutshuru","Kibirizi","Voie publique","Rwindi - Kibirizi","Mercy Corps","11-Nov","November-2011","11/8/11",,"Vol de rue","Sans violence physique",0,0,0
376,"Nord Kivu","Communes of Goma","Quartier Virunga","Domicile","Goma","UNDSS","11-Nov","November-2011","11/11/11",,"Introduction dans une maison par effraction","Avec violence physique",0,0,0
377,"Nord Kivu","Masisi","Masisi","Domicile","Sake - Masisi Centre","MSF-B","11-Nov","November-2011","11/21/11",,"Introduction dans une maison par effraction","Avec violence physique",0,1,0
378,"Nord Kivu","Rutshuru","Luve","Voie publique","Luve - Nyanzale","MSF-F","11-Nov","November-2011","11/23/11",,"Vol de rue","Sans violence physique",0,0,0
379,"Nord Kivu","Communes of Goma","Quartier Office I","Voie publique","Goma","UNDSS","11-Nov","November-2011","11/30/11",,"Agression physique",,0,1,0
380,"Nord Kivu","Rutshuru","Rutshuru","Bureau","Goma - Rutshuru","Rթseau BIFERD","11-Nov","November-2011","11/30/11",,"Securite des bureaux","Introduction dans un bureau par effraction",0,0,0
381,"Nord Kivu","Walikale","Walikale","Bureau","Walikale Centre - Mpofi","IEDA Relief","11-Dec","December-2011","12/7/11",,"Securite des bureaux","Introduction dans un bureau par effraction",0,0,0
382,"Nord Kivu","Masisi","Kashuga","Voie publique","Mweso - Kashuga","MSF-H","11-Dec","December-2011","12/8/11",,"Vol de rue","Sans violence physique",0,0,0
383,"Nord Kivu","Masisi","Mweso","Domicile","Kitchanga - Mweso","MSF-H","11-Dec","December-2011","12/8/11",,"Introduction dans une maison par effraction","Tentative d'introduction par effraction",0,0,0
384,"Nord Kivu","Communes of Goma","Quartier Mabanga Sud","Domicile","Goma","Heal Africa","11-Dec","December-2011","12/16/11",,"Introduction dans une maison par effraction","Avec violence physique",0,0,0
385,"Sud Kivu","Uvira","Uvira","Voie publique","Uvira-bujumbura","ACTED","9-Jan","January-2009","1/6/09","Embuscade","Securite des vehicules","Vol de vehicule",0,0,0
386,"Sud Kivu","Fizi","Kazimia","Voie publique","Baraka - Kazimia","WWI","9-Jan","January-2009","1/24/09","Embuscade","Securite des vehicules","cambriolage de voiture",0,0,0
387,"Sud Kivu","Uvira","Uvira","Lieu public",0,"JRS","9-Feb","February-2009","2/2/09","Prise d'otage ","Agression physique","Prise d'otage",0,0,0
388,"Sud Kivu","Communes of Bukavu","Bukavu","Domicile","Route d'Uvira","UNDSS","9-Feb","February-2009","2/3/09","Cambriolage ","Introduction dans une maison par effraction","Avec violence physique",0,0,0
389,"Sud Kivu","Fizi","Lulimba","Voie publique","Baraka-Lulimba","WCC","9-Apr","April-2009","4/22/09","Embuscade","Securite des vehicules","cambriolage de voiture",0,2,0
390,"Sud Kivu","Communes of Bukavu","Bukavu","Domicile","Av Mbaki","UNDSS","9-May","May-2009","5/2/09","Tentative de vol / Pillage ","Introduction dans une maison par effraction","Sans violence physique",0,0,0
391,"Sud Kivu","Communes of Bukavu","Bukavu","Domicile","Comme Ibanda av. Mbaki","UNDSS","9-Mar","May-2009","5/3/09","Tentative de vol / Pillage ","Introduction dans une maison par effraction","Tentative d'introduction par effraction",0,0,0
392,"Sud Kivu","Kalehe","Minova","Voie publique","Minova","IRC","9-Mar","May-2009","5/5/09","Embuscade","Vol de rue","Avec violence physique",0,0,0
393,"Sud Kivu","Kalehe","Numbi","Voie publique","Numbi","UNDSS","9-Mar","May-2009","5/5/09","Embuscade","Vol de rue","Avec violence physique",0,0,0
394,"Sud Kivu","Kalehe","Numbi","Voie publique","Numbi","MONUC","9-Mar","May-2009","5/6/09","Embuscade","Vol de rue","Avec violence physique",0,0,0
395,"Sud Kivu","Walungu","Walungu","Voie publique","Nyanja - Nduba","IRC","9-Mar","May-2009","5/6/09","Embuscade","Vol de rue","Avec violence physique",0,1,0
396,"Sud Kivu","Communes of Bukavu","Bukavu","Domicile","Quartier ndendere"," Av. KasaբՊ��","9-Mar","May-2009","5/10/09","Agressions ","Agression physique","Agression physique",0,0,0
397,"Sud Kivu","Kabare","Miti","Voie publique","Miti-Bunyakiri","SC","9-Mar","May-2009","5/22/09","Embuscade","Voie de fait  avec violence","Agression physique",0,8,0
398,"Sud Kivu","Kalehe","Bulagiza","Voie publique","Kalungu - Numbi","BCZ","9-Mar","May-2009","5/25/09","Embuscade","Vol de rue","Avec violence physique",0,0,0
399,"Sud Kivu","Communes of Bukavu","Bukavu","Voie publique","Bukavu-Ruzizi","JRS","9-Jul","July-2009","7/1/09","Tentative de vol / Pillage ","Securite des vehicules","Vol de vehicule",1,0,0
400,"Sud Kivu","Communes of Bukavu","Bukavu","Lieu public","Place Nyawera","WC","9-Jul","July-2009","7/3/09","Tentative de vol / Pillage ","Securite des vehicules","cambriolage de voiture",0,0,0
401,"Sud Kivu","Shabunda","Kigulube","Lieu public","Kigulube Bukavu","UNDSS","9-Sep","September-2009","9/2/09","Embuscade","Vol de rue","Avec violence physique",0,0,0
402,"Sud Kivu","Shabunda","Kigulube","Lieu public","Kigulube Bukavu","UNDSS","9-Sep","September-2009","9/2/09","Embuscade","Agression physique","Harcelement",0,0,0
403,"Sud Kivu","Communes of Bukavu","Bukavu","Domicile","Muhumba","UNDSS","9-Sep","September-2009","9/22/09","Tentative de vol / Pillage ","Introduction dans une maison par effraction","Sans violence physique",0,0,0
404,"Sud Kivu","Communes of Bukavu","Bukavu","Lieu public","Nyawera","UNDSS","9-Sep","September-2009","9/24/09","Tentative de vol / Pillage ","Vol de rue","Avec violence physique",0,0,0
405,"Sud Kivu","Communes of Bukavu","Bukavu","Lieu public","Feux rouge","UNDSS","9-Sep","September-2009","9/30/09","Tentative de vol / Pillage ","Vol de rue","Sans violence physique",0,0,0
406,"Sud Kivu","Fizi","Iseke","Voie publique","Fizi centre - Lobondja","UNDSS","9-Sep","September-2009","9/30/09","Meurtre / Assassinat ","Agression physique","Meurtre",0,0,1
407,"Sud Kivu","Fizi","Fizi","Voie publique","Hauts Plateux d'Uvira et  de Fizi","IMC","9-Oct","October-2009","10/1/09","Prise d'otage ","Agression physique","Prise d'otage",0,0,0
408,"Sud Kivu","Communes of Bukavu","Bukavu","Voie publique","Route d'Uvira","UNDSS","9-Oct","October-2009","10/26/09","Agressions ","Vol de rue","Avec violence physique",0,0,0
409,"Sud Kivu","Fizi","Lyungu","Voie publique","Baraka-Fizi","WC C","9-Nov","November-2009","11/16/09","Pillage","Vol de rue","Avec violence physique",0,0,0
410,"Sud Kivu","Kalehe","Bunyakiri","Voie publique","Bunyakiri-Hombo","COOPI","9-Nov","November-2009","11/17/09","Manifestation","Perturbations","manifestations",0,1,0
411,"Sud Kivu","Shabunda","Kalole","Lieu public","Kalole","UNDSS","9-Dec","December-2009","12/2/09","Incendie","Voie de fait  avec violence","Voie de fait",0,0,0
412,"Sud Kivu","Shabunda","Shabunda","Bureau","Shabunda centre","UNDSS","9-Dec","December-2009","12/2/09","Manifestation","Perturbations","manifestations",0,0,0
413,"Sud Kivu","Communes of Bukavu","Bukavu","Voie publique","Nyawera","UNDSS","9-Dec","December-2009","12/5/09","Tentative de vol / Pillage ","Vol de rue","Sans violence physique",0,0,0
414,"Sud Kivu","Shabunda","Kalole","Lieu public","Kalole","UNDSS","9-Dec","December-2009","12/5/09","Prise d'otage ","Agression physique","Prise d'otage",0,0,0
415,"Sud Kivu","Uvira","Lemera","Voie publique","Rubanga-Lemera","UNDSS","9-Dec","December-2009","12/16/09","Embuscade","Voie de fait  avec violence","Agression physique",0,0,0
416,"Sud Kivu","Communes of Bukavu","Bukavu","Voie publique","Ibanda-Kadutu","UNDSS","9-Dec","December-2009","12/23/09","Tentative de vol / Pillage ","Vol de rue","Sans violence physique",0,0,0
417,"Sud Kivu","Fizi","Buma","Voie publique","Buma-Kazimia","ADRA","9-Jan","January-2010","1/11/10","Agression armee ","Voie de fait  avec violence","Agression physique",0,0,0
418,"Sud Kivu","Fizi","Kalingi","Voie publique","Fizi-Minembwe","ACTED","10-Jan","January-2010","1/20/10","Embuscade","Securite des vehicules","cambriolage de voiture",0,0,0
419,"Sud Kivu","Fizi","Kalingi","Voie publique","Fizi-Minembwe","OXFAM-GB","10-Jan","January-2010","1/20/10","Embuscade","Securite des vehicules","cambriolage de voiture",0,0,0
420,"Sud Kivu","Communes of Bukavu","Bukavu","Domicile","Nyalukembe","UNDSS","10-Feb","February-2010","2/13/10","Tentative de vol / Pillage ","Introduction dans une maison par effraction","Tentative d'introduction par effraction",0,0,0
421,"Sud Kivu","Communes of Bukavu","Bukavu","Domicile","Ikanga","UNDSS","10-Feb","February-2010","2/14/10","Agressions ","Agression physique","Harcelement",0,0,0
422,"Sud Kivu","Shabunda","Matili","Voie publique","Matili","A.A.P","10-Feb","February-2010","2/14/10","Tracasseries","Detention physique","Arrestation",0,0,0
423,"Sud Kivu","Uvira","Uvira","Domicile","Uvira","UNDSS","10-Feb","February-2010","2/14/10","Cambriolage ","Securite des bureaux","Introduction dans un bureau par effraction",0,0,0
424,"Sud Kivu","Shabunda","Matili","Voie publique","Matili-Shabunda centre","A.A.P","10-Feb","February-2010","2/16/10","Tracasseries","Detention physique","Arrestation",0,0,0
425,"Sud Kivu","Shabunda","Kigulube","Voie publique","Kigulube - Bukavu","OIM","10-Feb","February-2010","2/21/10","Embuscade","Securite des vehicules","cambriolage de voiture",0,0,0
426,"Sud Kivu","Uvira","Uvira","Bureau","Uvira","SFCG","10-Feb","February-2010","2/23/10","Cambriolage ","Securite des bureaux","Introduction dans un bureau par effraction",0,0,0
427,"Sud Kivu","Fizi","Malinde1","Voie publique","Fizi - Baraka","IMC","10-Feb","February-2010","2/25/10","Embuscade","Securite des vehicules","cambriolage de voiture",0,0,0
428,"Sud Kivu","Fizi","Kilembwe","Voie publique","Kilembwe - Makola","IRC","10-Feb","February-2010","2/26/10","Embuscade","Vol de rue","Avec violence physique",0,0,0
429,"Sud Kivu","Fizi","Lulimba","Voie publique","Lulimba","GTZ","10-Feb","February-2010","2/28/10","Embuscade","Vol de rue","Avec violence physique",0,0,0
430,"Sud Kivu","Fizi","Baraka","Bureau","Baraka","Tearfund","10-Mar","March-2010","3/1/10","Cambriolage ","Securite des bureaux","Introduction dans un bureau par effraction",0,0,0
431,"Sud Kivu","Fizi","Simbi","Voie publique","Simbi-Malinde","AMI","10-Mar","March-2010","3/3/10","Exactions","Detention physique","Detention",0,0,0
432,"Sud Kivu","Fizi","Baraka","Voie publique","Baraka","ADRA","10-Mar","March-2010","3/4/10","Agressions ","Vol de rue","Avec violence physique",0,0,0
433,"Sud Kivu","Fizi","Fizi","Voie publique","Fizi-Baraka","UNOPS","10-Mar","March-2010","3/4/10","Requisition forcee","Agression physique","Harcelement",0,0,0
434,"Sud Kivu","Communes of Bukavu","Bukavu","Bureau","Ndendere","ADSSE","10-Mar","March-2010","3/12/10","Tentative de vol / Pillage ","Securite des bureaux","Introduction dans un bureau par effraction",0,0,0
435,"Sud Kivu","Shabunda","Shabunda","Bureau","Shabunda centre","PLD","10-Mar","March-2010","3/12/10","Agressions ","Agression physique","Harcelement",0,0,0
436,"Sud Kivu","Mwenga","Kasika","Voie publique","Kasika","ECC MERU","10-Mar","March-2010","3/20/10","Embuscade","Voie de fait  avec violence","Agression physique",0,2,0
437,"Sud Kivu","Fizi","Kilembwe","Voie publique","Kilembwe-Lulimba","AMI","10-Mar","March-2010","3/24/10","Embuscade","Vol de rue","Avec violence physique",0,0,0
438,"Sud Kivu","Fizi","Baraka","Bureau","Baraka","MSF-H","10-Apr","April-2010","4/2/10","Tentative de vol / Pillage ","Securite des bureaux","Introduction dans un bureau par effraction",0,0,0
439,"Sud Kivu","Fizi","Kananda","Voie publique","Kananda-Kilitcha","CICR","10-Apr","April-2010","4/9/10","Prise d'otage ","Agression physique","Prise d'otage",0,0,0
440,"Sud Kivu","Fizi","Fizi","Bureau","Fizi centre","UNOPS","10-Apr","April-2010","4/13/10","Pillage","Securite des bureaux","Introduction dans un bureau par effraction",0,0,0
441,"Sud Kivu","Fizi","Swima","Voie publique","Uvira-Baraka","ADRA","10-Apr","April-2010","4/16/10","Embuscade","Vol de rue","Avec violence physique",0,0,0
442,"Sud Kivu","Communes of Bukavu","Bukavu","Domicile","Hippodrome","UNDSS","10-Apr","April-2010","4/18/10","Tentative de vol / Pillage ","Introduction dans une maison par effraction","Tentative d'introduction par effraction",0,0,0
443,"Sud Kivu","Fizi","Kalongwe","Bureau","Kalongwe","Tearfund","10-Apr","April-2010","4/21/10","Cambriolage ","Securite des bureaux","Introduction dans un bureau par effraction",0,0,0
444,"Sud Kivu","Fizi","Simbi","Voie publique","Simbi-Malinde","Tearfund","10-Apr","April-2010","4/26/10","Embuscade","Vol de rue","Avec violence physique",0,0,0
445,"Sud Kivu","Fizi","Baraka","Bureau","Baraka","MSF-H","10-May","May-2010","5/1/10","Tentative de vol / Pillage ","Securite des bureaux","Introduction dans un bureau par effraction",0,0,0
446,"Sud Kivu","Fizi","Katanga","Voie publique","Katanga-Baraka","Tearfund","10-May","May-2010","5/6/10","Requisition forcee","Agression physique","Harcelement",0,0,0
447,"Sud Kivu","Fizi","Fizi","Inconnu","Fizi centre","ARAL","10-May","May-2010","5/9/10","Agressions ","Agression physique","Harcelement",0,0,0
448,"Sud Kivu","Fizi","Katanga","Voie publique","Katanga-Baraka","Tearfund","10-May","May-2010","5/13/10","Requisition forcee","Agression physique","Harcelement",0,0,0
449,"Sud Kivu","Fizi","Ecibe","Voie publique","Ecibe - Baraka","ADRA","10-May","May-2010","5/25/10","Embuscade","Vol de rue","Avec violence physique",0,0,0
450,"Sud Kivu","Fizi","Kananda","Voie publique","Kananda-Bwala","ADRA","10-May","May-2010","5/31/10","Requisition forcee","Agression physique","Harcelement",0,0,0
451,"Sud Kivu","Fizi","Mukindja","Voie publique","Baraka-Mukindja","AVSI","10-Jun","June-2010","6/3/10","Embuscade","Vol de rue","Avec violence physique",0,0,0
452,"Sud Kivu","Shabunda","Shabunda","Bureau","Shabunda centre","AAP","10-Jun","June-2010","6/3/10","Agressions ","Securite des bureaux","Occupation des bureaux",0,0,0
453,"Sud Kivu","Communes of Bukavu","Bukavu","Domicile","Nyawera","AMT-IPRO","10-Jun","June-2010","6/7/10","Agressions ","Voie de fait  avec violence","Agression physique",0,1,0
454,"Sud Kivu","Communes of Bukavu","Bukavu","Domicile","Nguba","UNDSS","10-Jun","June-2010","6/11/10","Tentative de vol / Pillage ","Introduction dans une maison par effraction","Tentative d'introduction par effraction",0,0,0
455,"Sud Kivu","Shabunda","Mungembe","Voie publique","Kalima-Mugembe","AAP","10-Jun","June-2010","6/12/10","Requisition forcee","Agression physique","Harcelement",0,0,0
456,"Sud Kivu","Communes of Bukavu","Bukavu","Domicile","Kibombo","UNDSS","10-Jun","June-2010","6/19/10","Tentative de vol / Pillage ","Introduction dans une maison par effraction","Tentative d'introduction par effraction",0,0,0
457,"Sud Kivu","Uvira","Uvira","Bureau","Uvira","Tearfund","10-Jun","June-2010","6/23/10","Tentative de vol / Pillage ","Securite des bureaux","Introduction dans un bureau par effraction",0,0,0
458,"Sud Kivu","Communes of Bukavu","Bukavu","Domicile","Nguba","UNDSS","10-Jul","July-2010","7/2/10","Tentative de vol / Pillage ","Introduction dans une maison par effraction","Sans violence physique",0,0,0
459,"Sud Kivu","Shabunda","Shabunda","Bureau","Shabunda centre","GTZ","10-Jul","July-2010","7/27/10","Agressions ","Agression physique","Harcelement",0,0,0
460,"Sud Kivu","Fizi","Kilicha","Voie publique","Kilicha","IMC","10-Aug","August-2010","8/11/10","Embuscade","Vol de rue","Avec violence physique",0,0,0
461,"Sud Kivu","Communes of Bukavu","Bukavu","Domicile","Mukukwe/ISGEA","UNDSS","10-Aug","August-2010","8/31/10","Tentative de vol / Pillage ","Introduction dans une maison par effraction","Tentative d'introduction par effraction",0,0,0
462,"Sud Kivu","Fizi","Kalimbwe","Voie publique","Kilembwe","AMI","10-Aug","August-2010","8/31/10","Embuscade","Vol de rue","Avec violence physique",0,0,0
463,"Sud Kivu","Uvira","Kashatu","Voie publique","Kashatu-Bulindwe","IRC","10-Sep","September-2010","9/2/10","Embuscade","Securite des vehicules","cambriolage de voiture",0,0,0
464,"Sud Kivu","Communes of Bukavu","Bukavu","Domicile","Kadutu","UNDSS","10-Sep","September-2010","9/11/10","Tentative de vol / Pillage ","Introduction dans une maison par effraction","Avec violence physique",0,0,0
465,"Sud Kivu","Communes of Bukavu","Bukavu","Bureau","Katutu","UNDSS","10-Sep","September-2010","9/28/10","Tentative de vol / Pillage ","Introduction dans une maison par effraction","Avec violence physique",0,0,0
466,"Sud Kivu","Communes of Bukavu","Bukavu","Voie publique","Place de l'indթpendance","UNDSS","10-Oct","October-2010","10/1/10","Agressions ","Agression physique","Harcelement",0,0,0
467,"Sud Kivu","Communes of Bukavu","Bukavu","Domicile","Pesage I","UNDSS","10-Oct","October-2010","10/2/10","Tentative de vol / Pillage ","Introduction dans une maison par effraction",,0,0,0
468,"Sud Kivu","Communes of Bukavu","Bukavu","Domicile","Sinelac Mukukwe","UNDSS","10-Oct","October-2010","10/9/10","Tentative de vol / Pillage ","Introduction dans une maison par effraction","Sans violence physique",0,0,0
469,"Sud Kivu","Communes of Bukavu","Bukavu","Voie publique","PE. Lumumba","UNDSS","10-Nov","November-2010","11/3/10","Cambriolage ","Vol de rue","Avec violence physique",0,0,0
470,"Sud Kivu","Fizi","Kashogo","Voie publique","Fizi-Minembwe","UGEAFI","10-Nov","November-2010","11/4/10","Embuscade","Vol de rue","Avec violence physique",0,0,0
471,"Sud Kivu","Uvira","Kirumba","Voie publique","Kirumba","Hope in Action","10-Nov","November-2010","11/4/10","Tracasseries","Agression physique","Harcelement",0,0,0
472,"Sud Kivu","Uvira","Sange","Voie publique","Sange","IRC","10-Nov","November-2010","11/11/10","Prise d'otage ","Agression physique","Prise d'otage",0,0,0
473,"Sud Kivu","Communes of Bukavu","Bukavu","Domicile","Kibombo","UNDSS","10-Nov","November-2010","11/22/10","Tentative de vol / Pillage ","Introduction dans une maison par effraction","Tentative d'introduction par effraction",0,0,0
474,"Sud Kivu","Communes of Bukavu","Bukavu","Voie publique","PE. Lumumba","UNDSS","10-Nov","November-2010","11/26/10","Agressions ","Agression physique","Harcelement",0,0,0
475,"Sud Kivu","Communes of Bukavu","Bukavu","Domicile","quartier Nkafu"," Commune de Kadutu","10-Dec","December-2010","12/8/10","Tentative de vol / Pillage ","Introduction dans une maison par effraction","Introduction dans une maison par effraction",0,0,0
476,"Sud Kivu","Fizi","Lulimba","Voie publique","Lulimba-Kilembwe","PRIMAR","10-Dec","December-2010","12/11/10","Prise d'otage ","Detention physique","Arrestation",0,0,1
477,"Sud Kivu","Shabunda","Shabunda","Bureau","Shabunda centre","AVSI","10-Dec","December-2010","12/11/10","Cambriolage ","Securite des bureaux","Introduction dans un bureau par effraction",0,0,0
478,"Sud Kivu","Shabunda","Shabunda","Bureau","Shabunda centre","AVSI","10-Dec","December-2010","12/12/10","Cambriolage ","Securite des bureaux","Introduction dans un bureau par effraction",0,0,0
479,"Sud Kivu","Shabunda","Shabunda","Bureau","Shabunda centre","AVSI","10-Dec","December-2010","12/12/10","Cambriolage ","Securite des bureaux","Introduction dans un bureau par effraction",0,0,0
480,"Sud Kivu","Fizi","Kikonde","Voie publique","Kikonde-Kazimia","ADRA","10-Dec","December-2010","12/13/10","Embuscade","Securite des vehicules","Detournement arme",0,0,0
481,"Sud Kivu","Fizi","Lweba","Voie publique","Lweba-Baraka","ACTED","10-Dec","December-2010","12/13/10","Agressions ","Voie de fait  avec violence","Agression physique",0,0,0
482,"Sud Kivu","Shabunda","Shabunda","Bureau","Shabunda centre","AVSI","10-Dec","December-2010","12/13/10","Cambriolage ","Securite des bureaux","Introduction dans un bureau par effraction",0,0,0
483,"Sud Kivu","Communes of Bukavu","Bukavu","Domicile","Patrice Emery Lumumba-Ibanda","UNDSS","10-Dec","December-2010","12/25/10","Tentative de vol / Pillage ","Introduction dans une maison par effraction","Tentative d'introduction par effraction",0,0,0
484,"Sud Kivu","Communes of Bukavu","Bukavu","Voie publique","Kabono-Kadutu","UNDSS","10-Dec","December-2010","12/25/10","Agressions ","Vol de rue","Avec violence physique",0,0,0
485,"Sud Kivu","Shabunda","Shabunda","Bureau","Shabunda centre","OCHA Shabunda","11-Jan","January-2011","1/3/11",,"Securite des bureaux","Introduction dans un bureau par effraction",0,0,0
486,"Sud Kivu","Shabunda","Shabunda","Bureau","Shabunda centre","OCHA Shabunda","11-Jan","January-2011","1/4/11",,"Securite des bureaux","Introduction dans un bureau par effraction",0,0,0
487,"Sud Kivu","Shabunda","Shabunda","Bureau","Shabunda centre","OCHA Shabunda","11-Jan","January-2011","1/4/11",,"Securite des bureaux","Introduction dans un bureau par effraction",0,0,0
488,"Sud Kivu","Walungu","Ikoma","Voie publique","Bukavu-Burhale","Village COBAYE","11-Jan","January-2011","1/11/11","Embuscade","Securite des vehicules","Vol de vehicule",0,0,0
489,"Sud Kivu","Communes of Bukavu","Bukavu","Voie publique","Cercle Hyppique","EAUR","11-Jan","January-2011","1/13/11","Agressions ","Voie de fait  avec violence","Agression physique",0,0,0
490,"Sud Kivu","Shabunda","Kiseku","Voie publique","Kisesu","UNOPS","11-Feb","February-2011","2/1/11",,"Securite des vehicules","Detournement arme",0,0,0
491,"Sud Kivu","Fizi","Malinde1","Voie publique","Baraka-Fizi centre","NRC","11-Feb","February-2011","2/2/11",,"Securite des vehicules","cambriolage de voiture",0,0,0
492,"Sud Kivu","Shabunda","Pale","Voie publique","Kisesu","UNOPS","11-Feb","February-2011","2/2/11",,"Securite des vehicules","Detournement arme",0,0,0
493,"Sud Kivu","Communes of Bukavu","Bukavu","Domicile","Nguba","UNDSS","11-Feb","February-2011","2/6/11",,"Introduction dans une maison par effraction","Sans violence physique",0,0,0
494,"Sud Kivu","Communes of Bukavu","Bukavu","Domicile","Ville","ICCO","11-Feb","February-2011","2/21/11",,"Introduction dans une maison par effraction","Sans violence physique",0,0,0
495,"Sud Kivu","Communes of Bukavu","Bukavu","Domicile","Bagira","CICR","11-Feb","February-2011","2/23/11",,"Introduction dans une maison par effraction","Avec violence physique",0,2,0
496,"Sud Kivu","Communes of Bukavu","Bukavu","Domicile","Av. 24 novembre","ECC MERU","11-Feb","February-2011","2/24/11",,"Introduction dans une maison par effraction","Sans violence physique",0,0,0
497,"Sud Kivu","Kabare","Miti","Voie publique","Bukavu-Kavumu","MONUSCO","11-Feb","February-2011","2/26/11",,"Securite des vehicules","Detournement arme",0,0,0
498,"Sud Kivu","Uvira","Kashatu","Voie publique","Marungu","CCAP","11-Feb","February-2011","2/28/11",,"Securite des vehicules","cambriolage de voiture",0,0,0
499,"Sud Kivu","Kalehe","Bunyakiri","Voie publique","Bukavu-Bunyakiri","UNOPS","11-Feb","March-2011","3/14/11",,"Securite des vehicules","cambriolage de voiture",0,0,0
500,"Sud Kivu","Fizi","Mukindja","Voie publique","Fizi centre - Baraka","Tearfund","11-Feb","March-2011","3/16/11",,"Securite des vehicules","Detournement arme",0,0,0
501,"Sud Kivu","Communes of Bukavu","Bukavu","Domicile","Nguba","UNDSS","11-Feb","March-2011","3/23/11",,"Introduction dans une maison par effraction","Avec violence physique",0,0,0
502,"Sud Kivu","Shabunda","Shabunda","Domicile","Shabunda centre","GIZ","11-Feb","April-2011","4/4/11",,"Introduction dans une maison par effraction","Avec violence physique",0,0,0
503,"Sud Kivu","Uvira","Katobo","Voie publique","Moyens Plateaux Katobo-Mianzi","MSF","11-Feb","April-2011","4/10/11",,"Securite des vehicules","cambriolage de voiture",0,0,0
504,"Sud Kivu","Walungu","Ngomo","Voie publique","Bukavu-Kamanyola","MSF","11-Feb","April-2011","4/10/11",,"Securite des vehicules","cambriolage de voiture",0,0,0
505,"Sud Kivu","Communes of Bukavu","Bukavu","Domicile","Ibanda","CICR","11-Feb","April-2011","4/26/11",,"Introduction dans une maison par effraction","Avec violence physique",0,1,0
506,"Sud Kivu","Communes of Bukavu","Bukavu","Voie publique","Ibanda","UNDSS","11-May","May-2011","5/15/11",,"Vol de rue","Avec violence physique",0,0,0
507,"Sud Kivu","Shabunda","Byangama","Voie publique","Byangama-Lumba","AVSI","11-May","May-2011","5/17/11",,"Agression physique","Prise d'otage",0,0,0
508,"Sud Kivu","Shabunda","Kigulube","Voie publique","Kigulube-Byangama","OXFAM","11-May","May-2011","5/18/11",,"Securite des vehicules","Detournement arme",0,0,0
509,"Sud Kivu","Fizi","Kabeya","Voie publique","Kabeya-Kilembwe","ADE","11-May","May-2011","5/19/11",,"Securite des vehicules","Detournement arme",0,0,0
510,"Sud Kivu","Fizi","forՎt 17","Voie publique","Fizi-Misisi","Hope In Action","11-May","May-2011","5/20/11",,"Securite des vehicules","cambriolage de voiture",0,0,0
511,"Sud Kivu","Fizi","Kalimbwe","Voie publique","Kilembwe","AMI","11-May","May-2011","5/20/11",,"Securite des vehicules","Detournement arme",0,0,0
512,"Sud Kivu","Communes of Bukavu","Bukavu","Domicile","Nyalukemba","UNDSS","11-May","May-2011","5/23/11",,"Introduction dans une maison par effraction","Avec violence physique",0,0,0
513,"Sud Kivu","Fizi","Kilembwe","Voie publique","Kilembwe","ADE","11-May","May-2011","5/23/11",,"Securite des vehicules","Detournement arme",0,0,0
514,"Sud Kivu","Communes of Bukavu","Bukavu","Bureau","Ndendere","CFIDH/D-SK","11-May","May-2011","5/25/11",,"Securite des vehicules","Detournement arme",0,0,0
515,"Sud Kivu","Uvira","Katobo","Voie publique","Katobo","UNDSS","11-May","May-2011","5/26/11",,"Securite des vehicules","cambriolage de voiture",0,0,0
516,"Sud Kivu","Uvira","Uvira","Bureau","Uvira centre","AMCAV","11-May","May-2011","5/29/11",,"Securite des bureaux","Introduction dans un bureau par effraction",0,0,0
517,"Sud Kivu","Mwenga","Tubimbi","Voie publique","Mwenga - Bukavu","CAMPS","11-Jun","June-2011","6/12/11",,"Securite des vehicules","Detournement arme",0,0,0
518,"Sud Kivu","Fizi","Lulimba","Voie publique","Lulimba-Mehembe","ARAL","11-Jun","June-2011","6/20/11",,"Securite des vehicules","Detournement arme",0,0,0
519,"Sud Kivu","Uvira","Itara","Voie publique","Itara-Ndolera","UGEAFI","11-Jun","June-2011","6/29/11",,"Securite des vehicules","Detournement arme",0,0,0
520,"Sud Kivu","Mwenga","Kilungutwe","Voie publique","Kilungutwe-Talama","UNDSS","11-Aug","August-2011","8/7/11",,"Securite des vehicules","Detournement arme",0,1,0
521,"Sud Kivu","Uvira","Uvira","Domicile","Kimanga","UNDSS","11-Aug","August-2011","8/7/11",,"Introduction dans une maison par effraction","Avec violence physique",0,1,0
522,"Sud Kivu","Uvira","Marungu","Voie publique","Moyens Plateaux d'Uvira","UNDSS","11-Aug","August-2011","8/8/11",,"Securite des vehicules","Detournement arme",0,0,0
523,"Sud Kivu","Uvira","Uvira","Domicile","Avenue du Lac"," Quartier Kavinvira","11-Aug","August-2011","8/20/11",,"Introduction dans une maison par effraction","Introduction dans une maison par effraction",0,0,0
524,"Sud Kivu","Uvira","Uvira","Domicile","Avenue du Lac"," Quartier Kavinvira","11-Aug","August-2011","8/20/11",,"Introduction dans une maison par effraction","Introduction dans une maison par effraction",0,0,0
525,"Sud Kivu","Uvira","Runingu","Voie publique","Runingu-Katobo","GIZ","11-Aug","August-2011","8/26/11",,"Securite des vehicules","Detournement arme",0,0,0
526,"Sud Kivu","Communes of Bukavu","Bukavu","Domicile","La botte","NRC","11-Aug","August-2011","8/29/11",,"Introduction dans une maison par effraction","Tentative d'introduction par effraction",0,0,0
527,"Sud Kivu","Communes of Bukavu","Bukavu","Domicile","Quartier Clinique","NRC","11-Aug","August-2011","8/29/11",,"Introduction dans une maison par effraction","Tentative d'introduction par effraction",0,0,0
528,"Sud Kivu","Uvira","Uvira","Bureau","Uvira centre","UNDSS","11-Aug","August-2011","8/29/11",,"Securite des bureaux","Introduction dans un bureau par effraction",0,0,0
529,"Sud Kivu",,,"Voie publique",,,"11-Aug","August-2011","8/30/11",,"Securite des vehicules","Detournement arme",0,0,0
530,"Sud Kivu","Communes of Bukavu","Bukavu","Domicile","Cercle Hyppique","NRC","11-Sep","September-2011","9/1/11",,"Introduction dans une maison par effraction","Tentative d'introduction par effraction",0,0,0
531,"Sud Kivu","Uvira","Kahololo","Voie publique","Moyens Plateaux d'Uvira","OXFAM","11-Sep","September-2011","9/3/11",,"Securite des vehicules","Detournement arme",0,0,0
532,"Sud Kivu","Uvira","Kahololo","Voie publique","Hauts Plateux d'Uvira","AMI","11-Sep","September-2011","9/16/11",,"Securite des vehicules","Detournement arme",0,0,0
533,"Sud Kivu","Communes of Bukavu","Bukavu","Domicile","Nguba","UNDSS","11-Sep","September-2011","9/18/11",,"Autres incidents securitaires","Autres incidents securitaires",0,0,0
534,"Sud Kivu","Uvira","Kahololo","Voie publique","Runingu-Marungu","MSF","11-Sep","September-2011","9/24/11",,"Securite des vehicules","Detournement arme",0,0,0
535,"Sud Kivu","Kabare","Musheshe","Voie publique","Bukavu-Kabare","UNDSS","11-Sep","September-2011","9/29/11",,"Securite des vehicules","Detournement arme",0,0,0
536,"Sud Kivu","Shabunda","Lulingu","Lieu public","Lulingu","RRMP","11-Sep","September-2011","9/29/11",,"Autres incidents securitaires","Autres incidents securitaires",0,0,0
537,"Sud Kivu","Fizi","Malinde1","Voie publique","Mukindje-Lukongo","EBENEZER","11-Oct","October-2011","10/4/11",,"Agression physique","Meurtre",0,0,5
538,"Sud Kivu","Shabunda","Kigulube","Voie publique","Kigulube","OCHA","11-Oct","October-2011","10/4/11",,"Detention physique","Detention",0,0,0
539,"Sud Kivu","Uvira","Lemera","Voie publique","Lemera","ACMEJ","11-Oct","October-2011","10/4/11",,"Securite des vehicules","Detournement arme",0,0,0
540,"Sud Kivu","Uvira","Uvira","Bureau","Uvira centre","UNDSS","11-Oct","October-2011","10/16/11",,"Securite des bureaux","Introduction dans un bureau par effraction",0,0,0
541,"Sud Kivu","Kalehe","Hombo","Voie publique","Hombo-Bunyakiri","AVSI","11-Oct","October-2011","10/26/11",,"Securite des vehicules","Detournement arme",0,0,0
542,"Sud Kivu","Kalehe","Kalehe","Voie publique","Kalehe centre - Bukavu","UNDSS","11-Nov","November-2011","11/1/11",,"Securite des vehicules","Detournement arme",0,0,0
543,"Sud Kivu","Fizi","Lulimba","Voie publique","Lulimba-Fizi","UNDSS","11-Nov","November-2011","11/2/11",,"Securite des vehicules","cambriolage de voiture",0,0,0
544,"Sud Kivu","Fizi","Sebele","Voie publique","Sebele-Kikonde","FED","11-Nov","November-2011","11/2/11",,"Agression physique","Prise d'otage",0,0,0
545,"Sud Kivu","Communes of Bukavu","Bukavu","Voie publique","Quartier Muhumba","UNDSS","11-Nov","November-2011","11/5/11",,"Securite des vehicules","Detournement arme",0,0,0
546,"Sud Kivu","Uvira","Rubanga","Voie publique","Lemera-Rubanga","AVREO","11-Nov","November-2011","11/19/11",,"Securite des vehicules","Detournement arme",0,0,0
547,"Sud Kivu","Communes of Bukavu","Bukavu","Voie publique","Av. Karhale","PAM","11-Dec","December-2011","12/1/11",,"Vol de rue","Sans violence physique",0,0,0
548,"Sud Kivu","Communes of Bukavu","Bukavu","Domicile","Bugabo","UNDSS","11-Dec","December-2011","12/1/11",,"Introduction dans une maison par effraction","Avec violence physique",0,0,0
549,"Sud Kivu","Communes of Bukavu","Bukavu","Bureau","Ibanda","UNDSS","11-Dec","December-2011","12/16/11",,"Securite des bureaux","Introduction dans un bureau par effraction",0,0,0
550,"Sud Kivu","Mwenga","Mikenge","Domicile","Mikenge","IRC","11-Dec","December-2011","12/18/11",,"Securite des bureaux","Introduction dans un bureau par effraction",0,0,0
551,"Sud Kivu","Uvira","Uvira","Domicile","Uvira centre","UNDSS","11-Dec","December-2011","12/23/11",,"Introduction dans une maison par effraction","Tentative d'introduction par effraction",0,0,0
552,"Sud Kivu","Uvira","Uvira","Domicile","Q. Nyamianda","PAM","11-Dec","December-2011","12/23/11",,"Introduction dans une maison par effraction","Sans violence physique",0,0,0
553,"Sud Kivu","Communes of Bukavu","Bukavu","Voie publique","Muhumba","UNDSS","11-Dec","December-2011","12/28/11",,"Vol de rue","Avec violence physique",0,0,0
