"unique_id","province","territory","locality","place","axe","source","month","date_incident","type_incident","category","sub_category"
1,"Nord Kivu","Lubero","Kimbulu","Voie publique","Lubero-Butembo","NRC","Jan-09","1/3/09","Requisition forcee","Agression physique",
2,"Nord Kivu","Walikale","Ndjingala","Voie publique","Walikale centre - Lubutu","NRC","Jan-09","1/9/09","Tracasseries","Detention physique","Arrestation"
3,"Nord Kivu","Beni","Beni","Bureau","Beni","SC-UK","Jan-09","1/14/09","Agression armee ","Agression physique","agression non sexuelle "
4,"Nord Kivu","Rutshuru","Rwindi","Voie publique","Rwindi-Mabenga","MSF-B","Jan-09","1/19/09","Pillage","Vol de rue","Avec violence physique"
5,"Nord Kivu","Communes of Goma","Goma","Domicile","Goma","Solidaritթs","Jan-09","1/21/09","Cambriolage ","Introduction dans une maison par effraction","Avec violence physique"
6,"Nord Kivu","Lubero","Butembo","Bureau","Butembo","Oxfam-Quթbec","Feb-09","2/6/09","Agression armee ","Agression physique","agression non sexuelle "
7,"Nord Kivu","Lubero","Kanyabayonga","Inconnu","Kanyabayonga-Nyanzale","APETAMACO","Feb-09","2/8/09","Requisition forcee","Agression physique","Harcelement"
8,"Nord Kivu","Communes of Goma","Goma","Domicile","Goma","PAM","Feb-09","2/14/09","Cambriolage ","Introduction dans une maison par effraction","Tentative d'introduction par effraction"
9,"Nord Kivu","Masisi","Masisi","Voie publique","Kitchanga-Mweso","IRC","Feb-09","2/17/09","Agression armee ","Agression physique","agression non sexuelle "
10,"Nord Kivu","Walikale","Mubanda","Bureau","Walikale-Mpofi","AAA","Feb-09","2/17/09","Pillage","Vol de rue","Avec violence physique"
11,"Nord Kivu","Masisi",,"Voie publique","Kitchanga-Bishusha","MSF-H","Feb-09","2/18/09","Agression armee ","Agression physique","agression non sexuelle "
12,"Nord Kivu","Masisi","Muhongozi","Voie publique","Kitchanga-Mweso","IRC","Feb-09","2/19/09","Pillage","Vol de rue","Avec violence physique"
13,"Nord Kivu","Rutshuru","JTN","Voie publique","Mweso-Lutiba","Mercy Corps","Feb-09","2/19/09","Agression armee ","Agression physique","agression non sexuelle "
14,"Nord Kivu","Lubero","Lubero","Voie publique","Lubero","Caritas Butembo","Feb-09","2/24/09","Tracasseries","Detention physique","Arrestation"
15,"Nord Kivu","Rutshuru","Kalengera","Voie publique","Kalengera-Tongo","MERLIN","Feb-09","2/26/09","Agression armee ","Agression physique","agression non sexuelle "
16,"Nord Kivu","Rutshuru","Tongo","Voie publique","Tongo-Kitchanga","MERLIN","Feb-09","2/26/09","Agression armee ","Agression physique","agression non sexuelle "
17,"Nord Kivu","Communes of Goma","Goma",,"Goma","PU","Feb-09","2/27/09","Cambriolage ",,
18,"Nord Kivu","Masisi",,"Inconnu","Kitchanga-Mweso","CICR","Feb-09","2/27/09","Agression armee ","Agression physique","agression non sexuelle "
19,"Nord Kivu","Masisi",,"Voie publique","Kitchanga-Mweso","MERLIN","Feb-09","2/27/09","Pillage","Vol de rue","Avec violence physique"
20,"Nord Kivu","Masisi","Mushaki","Inconnu","Sake-Masisi centre","AREPS","Feb-09","2/28/09","Agression armee ","Agression physique","agression non sexuelle "
21,"Nord Kivu","Masisi","Mweso","Vehicule","Mweso-Kalembe","MSF-H","Mar-09","3/2/09","Agression armee ","Agression physique","agression non sexuelle "
22,"Nord Kivu","Communes of Goma","Goma","Inconnu","Goma","Heal Africa","Mar-09","3/5/09","Tracasseries","Detention physique","Arrestation"
23,"Nord Kivu","Masisi",,"Vehicule","Goma-Sake","Solidaritթs","Mar-09","3/5/09","Requisition forcee","Agression physique","Harcelement"
24,"Nord Kivu","Rutshuru","Bambo","Vehicule","Bambo","MSF-F","Mar-09","3/6/09","Agression armee ","Agression physique","agression non sexuelle "
25,"Nord Kivu","Masisi","Muhongozi","Voie publique","Kitchanga-Mweso","PAM","Mar-09","3/9/09","Tentative de vol / Pillage ","Vol de rue","Avec violence physique"
26,"Nord Kivu","Communes of Goma","Goma","Domicile","Goma","HCR","Mar-09","3/11/09","Agression armee ","Agression physique","agression non sexuelle "
27,"Nord Kivu","Communes of Goma","Goma","Domicile","Goma","UNDSS","Mar-09","3/13/09","Cambriolage ","Introduction dans une maison par effraction","Tentative d'introduction par effraction"
28,"Nord Kivu","Masisi","Kirolirwe","Vehicule","Kirolirwe-Muheto","IRC","Mar-09","3/18/09","Agression armee ","Agression physique","agression non sexuelle "
29,"Nord Kivu","Rutshuru","Kalengera","Vehicule","Kako-Kalengera","IRC","Mar-09","3/18/09","Agression armee ","Agression physique","agression non sexuelle "
30,"Nord Kivu","Rutshuru","Burai","Voie publique","Burai-Bunagana","IRC","Mar-09","3/31/09","Pillage","Vol de rue","Avec violence physique"
31,"Nord Kivu","Communes of Goma","Goma","Domicile","Goma","Air-Serv","Apr-09","4/2/09","Cambriolage ","Introduction dans une maison par effraction","Tentative d'introduction par effraction"
32,"Nord Kivu","Beni","Beni","Bureau","Beni","OCHA Beni","Apr-09","4/3/09","Cambriolage ","Introduction dans une maison par effraction","Tentative d'introduction par effraction"
33,"Nord Kivu","Rutshuru","Rubare","Voie publique","Goma-Rutshuru","IRC","Apr-09","4/6/09","Agression armee ","Vol de rue","Sans violence physique"
34,"Nord Kivu","Rutshuru","Ngwenda","Voie publique","Kiwanja-Ishasha","IRC","Apr-09","4/9/09","Agression armee ","Vol de rue","Sans violence physique"
35,"Nord Kivu","Communes of Goma","Goma","Domicile","Goma","UNDSS","Apr-09","4/13/09","Tentative de vol / Pillage ","Vol de rue","Sans violence physique"
36,"Nord Kivu","Masisi","Mubambiro","Voie publique","Goma-Sake","UNDSS","Apr-09","4/14/09","Requisition forcee","Agression physique","Harcelement"
37,"Nord Kivu","Communes of Goma","Goma","Domicile","Goma","UNDSS","Apr-09","4/21/09","Cambriolage ","Introduction dans une maison par effraction","Tentative d'introduction par effraction"
38,"Nord Kivu","Communes of Goma","Goma","Domicile","Goma","UNDSS","Apr-09","4/21/09","Tentative de vol / Pillage ","Vol de rue","Avec violence physique"
39,"Nord Kivu","Rutshuru","Kalengera","Vehicule","Goma-Rutshuru","secours catholique","Apr-09","4/22/09","Agression armee ","Agression physique","agression non sexuelle "
40,"Nord Kivu","Rutshuru","Kiseguru","Voie publique","Kiwanja-Nyamilima","COOPI","Apr-09","4/29/09","Agression armee ","Agression physique","agression non sexuelle "
41,"Nord Kivu","Communes of Goma","Goma","Domicile","Goma","World Vision International","May-09","5/6/09","Tentative de vol / Pillage ","Vol de rue","Sans violence physique"
42,"Nord Kivu","Communes of Goma","Goma","Inconnu","Goma","Care International","May-09","5/10/09","Agression armee ","Agression physique","agression non sexuelle "
43,"Nord Kivu","Lubero","Mighobwe","Inconnu","Mighobwe","OCHA","May-09","5/13/09","Requisition forcee","Agression physique","Harcelement"
44,"Nord Kivu","Communes of Goma","Goma","Voie publique","Route EP Musawato","OCHA","May-09","5/14/09","Agressions ","Voie de fait  avec violence",
45,"Nord Kivu","Beni","Kamango","Voie publique","Route Kamango","SOFEPADI / OCHA","May-09","5/15/09","Pillage","Vol de rue","Avec violence physique"
46,"Nord Kivu","Lubero","Kaseghe","Vehicule","Kanyabayonga-Lubero","OCHA / UNDSS","May-09","5/15/09","Requisition forcee","Agression physique","Harcelement"
47,"Nord Kivu","Lubero","Mighobwe","Voie publique","Kanyabayonga-Butembo","Oxfam-GB / OCHA","May-09","5/17/09","Pillage","Vol de rue","Avec violence physique"
48,"Nord Kivu","Beni","Kasindi","Inconnu","Route Kasindi","OCHA","May-09","5/18/09","Requisition forcee","Agression physique","Harcelement"
49,"Nord Kivu","Beni","Beni","Inconnu","Beni","OCHA","May-09","5/19/09","Pillage","Vol de rue","Avec violence physique"
50,"Nord Kivu","Communes of Goma","Goma","Domicile","Derriere H�_��tel Ihusi","UNDSS","May-09","5/23/09","Agression armee ","Agression physique","agression non sexuelle "
51,"Nord Kivu","Communes of Goma","Goma","Domicile","Goma","HCR","Jun-09","6/1/09","Tentative de vol / Pillage ","Vol de rue","Avec violence physique"
52,"Nord Kivu","Walikale","Malemo","Voie publique","Kitchanga-Kalembe","PAM","Jun-09","6/2/09","Agression armee ","Agression physique","agression non sexuelle "
53,"Nord Kivu","Lubero","Luseke","Voie publique","Lubero","OCHA","Jun-09","6/3/09","Pillage","Vol de rue","Avec violence physique"
54,"Nord Kivu","Masisi","Kirolirwe","Lieu public","Sake Kitchanga","SC-UK","Jun-09","6/5/09","Tracasseries","Arrestation","Arrestation"
55,"Nord Kivu","Communes of Goma","Quartier les volcans","Bureau","Goma","Action Aid","Jun-09","6/7/09","Tentative de vol / Pillage ","Vol de rue","Avec violence physique"
56,"Nord Kivu","Lubero",,"Lieu public","Kayna - Kirumba","APETAMACO","Jun-09","6/9/09","Tracasseries","Detention physique","Detention"
57,"Nord Kivu","Beni","Beni","Domicile","Beni ville","OCHA","Jun-09","6/12/09","Agression armee ","Agression physique","agression non sexuelle "
58,"Nord Kivu","Lubero","Timbo Timbo","Voie publique","Timbo Timbo","OCHA","Jun-09","6/14/09","Tracasseries","Agression physique","Harcelement"
59,"Nord Kivu","Lubero","Kayna","Inconnu","Kanyabayonga - Kayna","APETAMACO","Jun-09","6/17/09","Incendie","Voie de fait  avec violence","Voie de fait"
60,"Nord Kivu","Communes of Goma","Goma",,"Goma","UNDSS","Jun-09","6/21/09","Cambriolage ",,
61,"Nord Kivu","Communes of Goma","Goma",,"Goma","Solidaritթs","Jun-09","6/23/09","Tentative de vol / Pillage ",,
62,"Nord Kivu","Lubero","Kirumba",,"Kanyabayonga - Lubero","OCHA","Jun-09","6/23/09","Pillage",,
63,"Nord Kivu","Masisi","Kirolirwe",,"Sake-Kitchanga","COOPI er IRC","Jun-09","6/23/09","Tracasseries",,
64,"Nord Kivu","Masisi","Kirolirwe",,"Sake-Kitchanga","IRC","Jun-09","6/24/09","Pillage",,
65,"Nord Kivu","Walikale","Nyasi",,"Walikale-Nyasi","OCHA","Jun-09","6/26/09","Agressions ",,
66,"Nord Kivu","Lubero","Lubero",,"Lubero-Kirumba","Oxfam-GB","Jun-09","6/30/09","Pillage",,
67,"Nord Kivu","Communes of Goma","Goma","Domicile","Ville de Goma","UNDSS","Jul-09","7/2/09","Cambriolage ","Introduction dans une maison par effraction","Tentative d'introduction par effraction"
68,"Nord Kivu","Communes of Goma","Goma",,"Ville de Goma","UNDSS","Jul-09","7/2/09","Cambriolage ",,
69,"Nord Kivu","Masisi","Kirotshe","Inconnu","Sake-Kirotshe","VSF-Suisse","Jul-09","7/3/09","Tracasseries","Detention physique","Arrestation"
70,"Nord Kivu","Communes of Goma","Goma","Domicile","Ville de Goma","UNDSS","Jul-09","7/8/09","Tentative de vol / Pillage ","Vol de rue","Avec violence physique"
71,"Nord Kivu","Masisi","Kitchanga","Inconnu","Sake-Kitchanga","OCHA","Jul-09","7/9/09","Agressions ","Voie de fait  avec violence","Agression physique"
72,"Nord Kivu","Masisi","Kitchanga","Inconnu","Sake-Kitchanga","OCHA","Jul-09","7/9/09","Pillage","Vol de rue","Avec violence physique"
73,"Nord Kivu","Rutshuru","Kiwanja","Voie publique","Kiwanja","IRC","Jul-09","7/10/09","Requisition forcee","Agression physique","Harcelement"
74,"Nord Kivu","Communes of Goma","Goma","Lieu public","Goma-Gisenyi","ARD","Jul-09","7/13/09","Tracasseries","Detention physique","Arrestation"
75,"Nord Kivu","Masisi","Masisi","Inconnu","Sake-Masisi","NRC","Jul-09","7/13/09","Tracasseries","Detention physique","Arrestation"
76,"Nord Kivu","Rutshuru","Lusogha","Voie publique","Lusogha-Kikuku","WHH (ex AAA)","Jul-09","7/13/09","Requisition forcee","Agression physique","Harcelement"
77,"Nord Kivu","Rutshuru","Birundule","Inconnu","Birundule-Kikuku","WHH (ex AAA)","Jul-09","7/14/09","Requisition forcee","Agression physique","Harcelement"
78,"Nord Kivu","Rutshuru","Musezero","Inconnu","Rumangabo-Chengerero","OCHA","Jul-09","7/15/09","Meurtre / Assassinat ","Agression physique","Meurtre"
79,"Nord Kivu","Rutshuru","Kiwanja","Domicile","Rutshuru-Kiwanja","MSF-F","Jul-09","7/20/09","Meurtre / Assassinat ","Agression physique","Meurtre"
80,"Nord Kivu","Masisi","Kisuma","Inconnu","Mema-Kisuma","World Vision","Jul-09","7/21/09","Pillage","Vol de rue","Avec violence physique"
81,"Nord Kivu","Rutshuru","Mabenga",,"Kiwanja-Mabenga","MSF-F","Jul-09","7/23/09","Pillage",,
82,"Nord Kivu","Nyiragongo","Kibati","Voie publique","Goma-Rutshuru","Helpage International","Jul-09","7/24/09","Tracasseries","Detention physique","Arrestation"
83,"Nord Kivu","Masisi","Kalembe","Inconnu","Mweso-Kashuga","MSF-H","Aug-09","8/4/09","Pillage","Vol de rue","Avec violence physique"
84,"Nord Kivu","Communes of Goma","Goma","Domicile","Goma","UNDSS","Aug-09","8/6/09","Agressions ","Voie de fait  avec violence","Agression physique"
85,"Nord Kivu","Walikale","Walikale","Inconnu","Masisi-Walikale","OCHA","Aug-09","8/8/09","Tracasseries","Detention physique","Arrestation"
86,"Nord Kivu","Communes of Goma","Goma","Domicile","Goma","UNDSS","Aug-09","8/16/09","Tentative de vol / Pillage ","Vol de rue","Avec violence physique"
87,"Nord Kivu","Communes of Goma","Goma","Domicile","Goma","UNDSS","Aug-09","8/23/09","Agression armee ","Agression physique","agression non sexuelle "
88,"Nord Kivu","Rutshuru","Kiwanja","Voie publique","Kiwanja - Ishasha","CESVI","Aug-09","8/26/09","Tracasseries","Detention physique","Arrestation"
89,"Nord Kivu","Lubero","Vurondo","Inconnu","Rթgion de Vurondo","MONUC","Sep-09","9/4/09","Agressions ","Voie de fait  avec violence","Agression physique"
90,"Nord Kivu","Nyiragongo","Kibati","Voie publique","Goma-Rutshuru","CESVI","Sep-09","9/5/09","Tracasseries","Detention physique","Arrestation"
91,"Nord Kivu","Communes of Butembo","Butembo","Domicile","Lubero-Butembo","OCHA","Sep-09","9/6/09","Meurtre / Assassinat ","Agression physique","Meurtre"
92,"Nord Kivu","Communes of Goma","Goma","Voie publique","Goma-Sake","UNDSS","Sep-09","9/8/09","Agressions ","Voie de fait  avec violence","Agression physique"
93,"Nord Kivu","Communes of Goma","Quartier Himbi","Domicile","Goma","ECHO","Sep-09","9/13/09","Tentative de vol / Pillage ","Vol de rue","Avec violence physique"
94,"Nord Kivu","Masisi","Kaniro","Voie publique","Kaniro-Katoyi centre","CARE International","Sep-09","9/15/09","Requisition forcee","Agression physique","Harcelement"
95,"Nord Kivu","Masisi","Mutiri","Voie publique","Masisi centre - Katale","NCA","Sep-09","9/18/09","Agression armee ","Agression physique","agression non sexuelle "
96,"Nord Kivu","Walikale","Malemo","Voie publique","Kalembe - Pinga","OIM","Sep-09","9/22/09","Agression armee ","Agression physique","agression non sexuelle "
97,"Nord Kivu","Lubero","Luofu","Voie publique","Luofu - Kayna","OCHA","Sep-09","9/26/09","Requisition forcee","Agression physique","Harcelement"
98,"Nord Kivu","Communes of Goma","Quartier Mabanga Nord","Domicile","Goma ","CESVI","Sep-09","9/28/09","Tentative de vol / Pillage ","Vol de rue","Avec violence physique"
99,"Nord Kivu","Lubero","Kanyabayonga","Lieu public","Kanyabayonga - Kirumba","OCHA","Sep-09","9/30/09","Agressions ",,
100,"Nord Kivu","Rutshuru","Rutshuru","Lieu public","Rutshuru - Kiwanja","MSF-F","Oct-09","10/1/09","Agression armee ","Agression physique","agression non sexuelle "
101,"Nord Kivu","Rutshuru","Chengerero","Voie publique","Chengero - Bunagana","Secours Catholique","Oct-09","10/7/09","Requisition forcee","Agression physique","Harcelement"
102,"Nord Kivu","Masisi","Kisuma","Voie publique","Bihambwe - Masisi centre","SC-UK","Oct-09","10/8/09","Pillage","Vol de rue","Avec violence physique"
103,"Nord Kivu","Rutshuru","Kabirangiriro","Voie publique","Kikuku-Ihula","AVSI","Oct-09","10/8/09","Pillage","Vol de rue","Avec violence physique"
104,"Nord Kivu","Rutshuru","Chengerero","Voie publique","Chengerero - Bunagana","Secours Catholique","Oct-09","10/9/09","Requisition forcee","Agression physique","Harcelement"
105,"Nord Kivu","Communes of Goma","Quartier Kyeshero","Domicile","Goma","UNDSS","Oct-09","10/10/09","Tentative de vol / Pillage ","Vol de rue","Avec violence physique"
106,"Nord Kivu","Walikale","Malemo","Voie publique","Kalembe - Pinga","Hope in Action","Oct-09","10/10/09","Agression armee ","Agression physique","agression non sexuelle "
107,"Nord Kivu","Masisi","Mweso","Domicile","Kitchanga - Mweso","Premiere Urgence","Oct-09","10/13/09","Cambriolage ","Introduction dans une maison par effraction","Tentative d'introduction par effraction"
108,"Nord Kivu","Lubero","Hutwe","Voie publique","Hutwe - Kirumba","NRC","Oct-09","10/14/09","Pillage","Vol de rue","Avec violence physique"
109,"Nord Kivu","Masisi","Kisuma","Voie publique","Matanda - Masisi","ACF - USA","Oct-09","10/15/09","Agression armee ","Voie de fait  avec violence","Agression physique"
110,"Nord Kivu","Masisi","Bukumbirire","Voie publique","Bukumbirire - Katoyi","OCHA","Oct-09","10/16/09","Requisition forcee","Agression physique","Harcelement"
111,"Nord Kivu","Masisi","Kimoho","Lieu public","Nyabyondo - Lukweti","MONUC","Oct-09","10/18/09","Affrontements / Combats ","Voie de fait  avec violence",
112,"Nord Kivu","Rutshuru","Nyanzale","Domicile","Katsiru - Kikuku","MSF-F","Oct-09","10/23/09","Cambriolage ","Introduction dans une maison par effraction","Tentative d'introduction par effraction"
113,"Nord Kivu","Communes of Goma","Goma","Domicile","Ville de Goma","MSF-F","Oct-09","10/28/09","Agressions ","Voie de fait  avec violence","Agression physique"
114,"Nord Kivu","Masisi","Biteete","Voie publique","Bihambwe - Masisi centre","SC-UK","Oct-09","10/28/09","Agression armee ","Agression physique","agression non sexuelle "
115,"Nord Kivu","Lubero","Lubero","Bureau","Ville de Butembo","OCHA","Oct-09","10/31/09","Agressions ","Voie de fait  avec violence","Agression physique"
116,"Nord Kivu","Masisi","Kisuma","Voie publique","Bihambwe - Masisi centre","MSF-B","Oct-09","10/31/09","Agression armee ","Agression physique","agression non sexuelle "
117,"Nord Kivu","Masisi","Kirolirwe","Voie publique","Sake - Kitchanga","PAM","Nov-09","11/3/09","Pillage","Vol de rue","Avec violence physique"
118,"Nord Kivu","Rutshuru","Vitshumbi","Voie publique","Rwindi - Vitshumbi","SC-UK","Nov-09","11/5/09","Tracasseries","Detention physique","Arrestation"
119,"Nord Kivu","Rutshuru","Nyanzale","Domicile","Katsiru - Kikuku","MONUC / MSF-F","Nov-09","11/7/09","Cambriolage ","Introduction dans une maison par effraction","Tentative d'introduction par effraction"
120,"Nord Kivu","Communes of Goma","Quartier Kyeshero","Domicile","Quartier Kyeshero","Premiere Urgence","Nov-09","11/11/09","Agression armee ","Agression physique","agression non sexuelle "
121,"Nord Kivu","Communes of Goma","Quartier Kyeshero","Domicile","Quartier Kyeshero","Premiere Urgence","Nov-09","11/11/09","Agression armee ","Agression physique","agression non sexuelle "
122,"Nord Kivu","Rutshuru","Nyanzale","Domicile","Katsiru - Kikuku","MSF-F","Nov-09","11/16/09","Cambriolage ","Introduction dans une maison par effraction",
123,"Nord Kivu","Rutshuru","Nyanzale","Domicile","Katsiru - Kikuku","MSF-F","Nov-09","11/16/09","Cambriolage ","Introduction dans une maison par effraction","Tentative d'introduction par effraction"
124,"Nord Kivu","Communes of Goma","Quartier les volcans","Voie publique","Rond-point BDGL - Grande barriere","CARE International","Nov-09","11/20/09","Pillage","Vol de rue","Avec violence physique"
125,"Nord Kivu","Masisi","Niacajanga","Voie publique","Mushaki - Bihambwe","GEAD","Nov-09","11/21/09","Pillage","Vol de rue","Avec violence physique"
126,"Nord Kivu","Communes of Goma","Quartier Himbi","Bureau","Route Katindo gauche - Gouvernorat de Province","UNDSS","Nov-09","11/23/09","Manifestation","Perturbations","Troubles civils"
127,"Nord Kivu","Communes of Goma","Quartier les volcans","Domicile","Goma","UNDSS","Nov-09","11/23/09","Tentative de vol / Pillage ","Vol de rue","Avec violence physique"
128,"Nord Kivu","Beni","Beni","Domicile","Quartier matonge","ADRA","Nov-09","11/27/09","Meurtre / Assassinat ","Agression physique","Meurtre"
129,"Nord Kivu","Lubero","Kayna","Domicile","Luofu - Kaseghe","Solidaritթs","Nov-09","11/30/09","Cambriolage ","Introduction dans une maison par effraction","Tentative d'introduction par effraction"
130,"Nord Kivu","Masisi","Kashuga","Voie publique","Mweso - Kashuga","Solidaritթs","Nov-09","11/30/09","Pillage","Vol de rue","Avec violence physique"
131,"Nord Kivu","Communes of Goma","Goma","Voie publique","Rond-point signers","IMC","Dec-09","12/1/09","Agressions ","Voie de fait  avec violence","Agression physique"
132,"Nord Kivu","Lubero","Kibua","Voie publique","Musienne","PAM","Dec-09","12/2/09","Agressions ","Voie de fait  avec violence","Agression physique"
133,"Nord Kivu","Masisi","Biteete","Voie publique","Bihambwe-Katale","CICR","Dec-09","12/2/09","Pillage","Vol de rue","Avec violence physique"
134,"Nord Kivu","Rutshuru","Kiwanja","Lieu public","Rutshuru - Kiwanja","Solidaritթs","Dec-09","12/3/09","Pillage","Vol de rue","Avec violence physique"
135,"Nord Kivu","Communes of Goma","Quartier Katindo gauche","Voie publique","Goma","UNDSS","Dec-09","12/5/09","Tracasseries","Detention physique","Arrestation"
136,"Nord Kivu","Masisi","Kitchanga","Domicile","Kirolirwe - Kitchanga","MSF-H","Dec-09","12/12/09","Meurtre / Assassinat ","Agression physique","Meurtre"
137,"Nord Kivu","Communes of Goma","Quartier Katindo droit","Voie publique","Goma","GTZ","Dec-09","12/17/09","Meurtre / Assassinat ","Agression physique","Meurtre"
138,"Nord Kivu","Lubero","Alimbongo","Voie publique","Ndoluma - Alimbongo","GTZ","Dec-09","12/18/09","Pillage","Vol de rue","Avec violence physique"
139,"Nord Kivu","Lubero","Alimbongo","Voie publique","Ndoluma - Alimbongo","GTZ","Dec-09","12/18/09","Pillage","Vol de rue","Avec violence physique"
140,"Nord Kivu","Masisi","Kirolirwe","Voie publique","Sake - Kirolirwe","NRC","Dec-09","12/19/09","Tracasseries","Detention physique","Arrestation"
141,"Nord Kivu","Walikale","Walikale","Domicile","Walikale centre","Welthungerhilfe (ex AAA)","Dec-09","12/23/09","Cambriolage ","Introduction dans une maison par effraction","Sans violence physique"
142,"Nord Kivu","Communes of Goma","Quartier Mabanga Sud","Lieu public","Goma","SC-UK","Dec-09","12/24/09","Pillage","Vol de rue","Avec violence physique"
143,"Nord Kivu","Masisi","Matanda","Voie publique","Matanda - Bihambwe","MSF-B","Dec-09","12/24/09","Pillage","Vol de rue","Avec violence physique"
144,"Nord Kivu","Walikale","Mpofi","Voie publique","Walikale centre - Mpofi","Welthungerhilfe (ex AAA)","Dec-09","12/25/09","Agressions ","Voie de fait  avec violence","Agression physique"
145,"Nord Kivu","Walikale","Walikale","Bureau","Walikale centre","Welthungerhilfe","Jan-10","1/4/10","Pillage","Securite des bureaux","Introduction dans un bureau par effraction"
146,"Nord Kivu","Masisi","Kitchanga","Domicile","Kabalekasha - Kitchanga","HCR","Jan-10","1/6/10","Tentative de vol / Pillage ","Introduction dans une maison par effraction","Tentative d'introduction par effraction"
147,"Nord Kivu","Rutshuru","Kinyandoni","Voie publique","Kinyandoni - Ngwenda","SC-UK","Jan-10","1/11/10","Pillage","Vol de rue","Avec violence physique"
148,"Nord Kivu","Masisi","Masisi","Bureau","Masisi centre - Lushebere","OCHA","Jan-10","1/12/10","Agressions ","Voie de fait  avec violence","Voie de fait"
149,"Nord Kivu","Masisi","Mema","Voie publique","Mema - Kisuma","MSF-B","Jan-10","1/12/10","Agressions ","Voie de fait  avec violence","Voie de fait"
150,"Nord Kivu","Rutshuru","Rukumizo","Voie publique","Rumangabo-Chengerero","Secours catholique","Jan-10","1/14/10","Tracasseries","Voie de fait  avec violence","Voie de fait"
151,"Nord Kivu","Masisi","Kibarizo","Voie publique","Kibarizo - Muhanga","IMC","Jan-10","1/15/10","Requisition forcee","Securite des vehicules","Detournement arme"
152,"Nord Kivu","Masisi","Matanda","Voie publique","Matanda - Bihambwe","SC-UK","Jan-10","1/15/10","Pillage","Vol de rue","Avec violence physique"
153,"Nord Kivu","Masisi","Muhanga","Lieu public","Kibarizo - Muhanga","HCR","Jan-10","1/15/10","Agressions ","Vol de rue","Avec violence physique"
154,"Nord Kivu","Lubero","Lubero","Voie publique","Lubero-Kagheri","OCHA","Jan-10","1/19/10","Pillage","Vol de rue","Avec violence physique"
155,"Nord Kivu","Rutshuru","Nyabanira","Voie publique","Kiwanja - Nyamilima","UNDSS","Jan-10","1/19/10","Pillage","Vol de rue","Avec violence physique"
156,"Nord Kivu","Masisi","Rubaya","Voie publique","Rubaya - Bihambwe","Armթe du Salut","Jan-10","1/21/10","Agressions ","Agression physique","agression non sexuelle "
157,"Nord Kivu","Masisi","Bweru","Voie publique","Bweru - Kibarizo","IMC","Jan-10","1/24/10","Requisition forcee","Agression physique","Prise d'otage"
158,"Nord Kivu","Masisi","Osso","Voie publique","Matanda-Bihambwe","IMC","Jan-10","1/24/10","Pillage","Vol de rue","Avec violence physique"
159,"Nord Kivu","Rutshuru","Rugari","Voie publique","Rugari-Rubare","Secours catholique","Jan-10","1/25/10","Agressions ","Perturbations","manifestations"
160,"Nord Kivu","Masisi","Matanda","Voie publique","Bihambwe - Matanda","Handicap International","Jan-10","1/28/10","Tentative de vol / Pillage ","Introduction dans une maison par effraction","Tentative d'introduction par effraction"
161,"Nord Kivu","Masisi","Mitumbala","Voie publique","Sake - Mushaki","MSF-B","Jan-10","1/28/10","Pillage","Vol de rue","Avec violence physique"
162,"Nord Kivu","Rutshuru","Ishasha","Voie publique","Nyamilima - Ishasha","AVSI","Jan-10","1/29/10","Prise d'otage ","Agression physique","Prise d'otage"
163,"Nord Kivu","Communes of Goma","Quartier Office I","Domicile","Goma","CESVI","Jan-10","1/30/10","Pillage","Introduction dans une maison par effraction","Avec violence physique"
164,"Nord Kivu","Masisi","Kirotshe","Voie publique","Sake - Kirotshe","HCR","Feb-10","2/1/10","Agressions ","Perturbations","Troubles civils"
165,"Nord Kivu","Masisi","Mpati","Voie publique","Mpati-Kivuye","PU","Feb-10","2/6/10","Requisition forcee","Voie de fait  avec violence","Voie de fait"
166,"Nord Kivu","Beni","Beni","Bureau","Beni","EPVI","Feb-10","2/7/10","Pillage","Securite des bureaux","Introduction dans un bureau par effraction"
167,"Nord Kivu","Communes of Goma","Quartier Katindo droit","Domicile","Goma","OCHA","Feb-10","2/7/10","Tentative de vol / Pillage ","Introduction dans une maison par effraction","Tentative d'introduction par effraction"
168,"Nord Kivu","Masisi","Matanda","Voie publique","Matanda - Bihambwe","OCHA","Feb-10","2/11/10","Pillage","Vol de rue","Avec violence physique"
169,"Nord Kivu","Rutshuru",,"Voie publique","Rumangabo - Katale","MSF-F","Feb-10","2/15/10","Pillage","Vol de rue","Avec violence physique"
170,"Nord Kivu","Rutshuru","Nyabanira","Voie publique","Ngwenda - Kiseguru","MERLIN","Feb-10","2/15/10","Pillage","Vol de rue","Avec violence physique"
171,"Nord Kivu","Rutshuru","Nyabanira","Voie publique","Ngwenda - Kiseguru","CESVI","Feb-10","2/15/10","Pillage","Vol de rue","Avec violence physique"
172,"Nord Kivu","Communes of Goma","Quartier Kyeshero","Domicile","Goma","UNDSS","Feb-10","2/20/10","Tentative de vol / Pillage ","Introduction dans une maison par effraction","Tentative d'introduction par effraction"
173,"Nord Kivu","Rutshuru","Nyanzale","Voie publique","Kihindo - Kikuku","Care International","Feb-10","2/23/10","Agressions ","Agression physique","agression non sexuelle "
174,"Nord Kivu","Beni","Lubiriya / Kasindi","Domicile","Vieux Kasindi - Kasindi","Oxfam-GB","Feb-10","2/24/10","Tentative de vol / Pillage ","Introduction dans une maison par effraction","Tentative d'introduction par effraction"
175,"Nord Kivu","Communes of Goma","Quartier les volcans","Lieu public","Goma","AVSI","Mar-10","3/1/10","Tracasseries","Detention physique","Detention"
176,"Nord Kivu","Beni","Beni","Domicile","Beni","Solidaritթs","Mar-10","3/6/10","Tentative de vol / Pillage ","Introduction dans une maison par effraction","Tentative d'introduction par effraction"
177,"Nord Kivu","Walikale","Malemo","Voie publique","Kalembe - Pinga","OIM","Mar-10","3/7/10","Agressions ","Voie de fait  avec violence","Voie de fait"
178,"Nord Kivu","Communes of Goma","Quartier les volcans","Domicile","Goma","WVI","Mar-10","3/8/10","Tentative de vol / Pillage ","Introduction dans une maison par effraction","Tentative d'introduction par effraction"
179,"Nord Kivu","Masisi","Loashi","Voie publique","Masisi Centre - Loashi","UNDSS","Mar-10","3/9/10","Pillage","Vol de rue","Avec violence physique"
180,"Nord Kivu","Communes of Goma","Quartier Kasiki","Domicile","Goma","UNDSS","Mar-10","3/11/10","Pillage","Introduction dans une maison par effraction","Avec violence physique"
181,"Nord Kivu","Lubero","Kayna","Voie publique","Kayna - Kirumba","APETAMACO","Mar-10","3/12/10","Pillage","Vol de rue","Avec violence physique"
182,"Nord Kivu","Rutshuru","Rutshuru","Voie publique","Rutshuru centre - Kiwanja","MERLIN","Mar-10","3/13/10","Pillage","Vol de rue","Avec violence physique"
183,"Nord Kivu","Communes of Goma","Goma","Domicile","Goma","MERLIN","Mar-10","3/15/10","Pillage","Introduction dans une maison par effraction","Avec violence physique"
184,"Nord Kivu","Walikale","Kampala","Voie publique","Walikale Centre - Nyasi","OCHA","Mar-10","3/15/10","Agressions ","Perturbations","Emeute"
185,"Nord Kivu","Rutshuru","Kibirizi","Voie publique","Kibirizi - Rwindi","UNDSS","Mar-10","3/18/10","Pillage","Vol de rue","Avec violence physique"
186,"Nord Kivu","Beni","Cantine","Lieu public","Beni-Cantine","SOFEPADI","Mar-10","3/22/10","Pillage","Vol de rue","Avec violence physique"
187,"Nord Kivu","Masisi","Kitchanga","Domicile","Burungu - Kitchanga","MSF-H","Mar-10","3/22/10","Pillage","Introduction dans une maison par effraction","Avec violence physique"
188,"Nord Kivu","Masisi","Kitchanga","Domicile","Burungu - Kitchanga","MSF-H","Mar-10","3/23/10","Pillage","Introduction dans une maison par effraction","Avec violence physique"
189,"Nord Kivu","Communes of Goma","Goma","Domicile","Goma","ADR","Mar-10","3/24/10","Pillage","Introduction dans une maison par effraction","Avec violence physique"
190,"Nord Kivu","Lubero","Lubero","Bureau","Kalungu - Lubero","Oxfam - GB","Mar-10","3/25/10","Pillage","Securite des bureaux","Introduction dans un bureau par effraction"
191,"Nord Kivu","Rutshuru","Kirima","Voie publique","Katwe - Kashalira","MERLIN","Mar-10","3/26/10","Pillage","Vol de rue","Avec violence physique"
192,"Nord Kivu","Communes of Goma","Quartier Murara","Domicile","Goma","PAM","Mar-10","3/30/10","Tentative de vol / Pillage ","Introduction dans une maison par effraction","Tentative d'introduction par effraction"
193,"Nord Kivu","Rutshuru","Kabindi","Voie publique","Kabindi - Ruanguba","IRC","Apr-10","4/8/10","Agressions ","Perturbations","Bagare routier"
194,"Nord Kivu","Rutshuru","Nyabanira","Voie publique","Ngwenda - Kiseguru","UNDSS","Apr-10","4/9/10","Pillage","Vol de rue","Avec violence physique"
195,"Nord Kivu","Beni","Beni","Lieu public","Beni","OCHA Beni","Apr-10","4/14/10","Agressions ","Voie de fait  avec violence","Agression physique"
196,"Nord Kivu","Communes of Goma","Quartier Kyeshero","Domicile","Goma","UNDSS - MSF-H","Apr-10","4/17/10","Tentative de vol / Pillage ","Introduction dans une maison par effraction","Tentative d'introduction par effraction"
197,"Nord Kivu","Masisi","Kitchanga","Domicile","Sake - Kitchanga","MSF-H","Apr-10","4/18/10","Pillage","Introduction dans une maison par effraction","Avec violence physique"
198,"Nord Kivu","Communes of Goma","Quartier Kyeshero","Domicile","Goma","MSF-H","Apr-10","4/20/10","Tentative de vol / Pillage ","Introduction dans une maison par effraction","Tentative d'introduction par effraction"
199,"Nord Kivu","Communes of Goma","Quartier Office I","Domicile","Goma","World Vision","Apr-10","4/25/10","Tentative de vol / Pillage ","Introduction dans une maison par effraction","Tentative d'introduction par effraction"
200,"Nord Kivu","Lubero","Luhutu","Lieu public","Bingi - Bunyatenge","CICR","Apr-10","4/28/10","Agressions ","Agression physique","agression non sexuelle "
201,"Nord Kivu","Lubero","Kirumba","Bureau","Kayna - Kaseghe","OCHA","May-10","5/2/10","Tentative de vol / Pillage ","Introduction dans une maison par effraction","Tentative d'introduction par effraction"
202,"Nord Kivu","Communes of Goma","Quartier les volcans","Lieu public","Goma","COOPI","May-10","5/6/10","Pillage","Securite des vehicules","Vol de vehicule"
203,"Nord Kivu","Rutshuru","Katwe","Domicile","Nyanzale-Kikuku","MERLIN","May-10","5/8/10","Agressions ","Voie de fait  avec violence","Voie de fait"
204,"Nord Kivu","Masisi","Kitchanga","Voie publique","Sake - Kitchanga","World Vision","May-10","5/9/10","Agressions ","Agression physique","agression non sexuelle "
205,"Nord Kivu","Masisi","Kitchanga","Bureau","Sake - Kitchanga","SC-UK","May-10","5/13/10","Agressions ","Perturbations","manifestations"
206,"Nord Kivu","Rutshuru","Rutshuru","Bureau","Rutshuru - Kiwanja","SC-UK","May-10","5/17/10","Agressions ","Perturbations","manifestations"
207,"Nord Kivu","Communes of Goma","Quartier Nyabushongo","Domicile","Goma","NRC","May-10","5/22/10","Pillage","Vol de rue","Avec violence physique"
208,"Nord Kivu","Communes of Goma","Quartier les volcans","Domicile","Goma","UNDSS","May-10","5/27/10","Pillage","Introduction dans une maison par effraction","Sans violence physique"
209,"Nord Kivu","Communes of Goma","Quartier Himbi","Domicile","Goma","UNDSS","May-10","5/31/10","Tentative de vol / Pillage ","Introduction dans une maison par effraction","Sans violence physique"
210,"Nord Kivu","Lubero","Lubango","Lieu public","Kitsumbiro - Lubango","UNDSS","Jun-10","6/7/10","Pillage","Introduction dans une maison par effraction","Sans violence physique"
211,"Nord Kivu","Walikale","Biruwe","Voie publique","Ndjingala - Biruwe","OCHA","Jun-10","6/9/10","Tracasseries","Voie de fait  avec violence","Voie de fait"
212,"Nord Kivu","Masisi","Sake","Bureau","Goma - Sake","World Vision ","Jun-10","6/10/10","Cambriolage ","Introduction dans une maison par effraction","Avec violence physique"
213,"Nord Kivu","Masisi","Kihusha","Voie publique","Kitchanga - Mweso","CICR","Jun-10","6/20/10","Pillage","Vol de rue","Sans violence physique"
214,"Nord Kivu","Rutshuru","Mabenga","Voie publique","Kiwanja - Mabenga","UNDSS","Jun-10","6/25/10","Pillage","Vol de rue","Sans violence physique"
215,"Nord Kivu","Beni","Kalunguta","Domicile","Beni - Butembo","OCHA","Jun-10","6/29/10","Meurtre / Assassinat ","Agression physique","Meurtre"
216,"Nord Kivu","Rutshuru","Rwindi","Voie publique","Mabenga - rwindi","OCHA","Jul-10","7/2/10","Requisition forcee","Securite des vehicules","cambriolage de voiture"
217,"Nord Kivu","Communes of Goma","Quartier Virunga","Domicile","Goma","UNDSS","Jul-10","7/6/10","Tentative de vol / Pillage ","Introduction dans une maison par effraction","Tentative d'introduction par effraction"
218,"Nord Kivu","Masisi","Kitchanga","Voie publique","Sake - Kitchanga","MSF-H","Jul-10","7/7/10","Agressions ","Agression physique","agression non sexuelle "
219,"Nord Kivu","Beni","Mayi Tatu","Voie publique","Beni - Mayi Tatu","OCHA","Jul-10","7/12/10","Pillage","Vol de rue","Sans violence physique"
220,"Nord Kivu","Masisi","JTN","Voie publique","Mweso - JTN","OCHA","Jul-10","7/14/10","Pillage","Vol de rue","Avec violence physique"
221,"Nord Kivu","Masisi","Burungu","Voie publique","Burungu - Kitchanga","AVSI","Jul-10","7/15/10","Agressions ","Agression physique","agression non sexuelle "
222,"Nord Kivu","Rutshuru","Kinyabundu","Voie publique","Mumba - Bishusha","AVSI","Jul-10","7/15/10","Agressions ","Vol de rue","Avec violence physique"
223,"Nord Kivu","Communes of Goma","Quartier Himbi","Domicile","Goma","WVI","Jul-10","7/18/10","Tentative de vol / Pillage ","Introduction dans une maison par effraction","Tentative d'introduction par effraction"
224,"Nord Kivu","Walikale","Mutakato","Voie publique","Mutakato - Mpofi","AVSI","Jul-10","7/21/10","Pillage","Vol de rue","Avec violence physique"
225,"Nord Kivu","Lubero","Katolo","Lieu public","Muramba - Katolo","MERLIN","Jul-10","7/22/10","Tentative de vol / Pillage ","Voie de fait  avec violence","Voie de fait"
226,"Nord Kivu","Beni","Beni","Bureau","Beni - Butembo","NRC","Jul-10","7/26/10","Tentative de vol / Pillage ","Introduction dans une maison par effraction","Tentative d'introduction par effraction"
227,"Nord Kivu","Walikale","Mindjendje","Voie publique","Pinga - Kalembe","MSF-H","Jul-10","7/26/10","Pillage","Vol de rue","Sans violence physique"
228,"Nord Kivu","Communes of Goma","Quartier les volcans","Bureau","Goma","UNDSS","Jul-10","7/31/10","Pillage","Securite des vehicules","Vol de vehicule"
229,"Nord Kivu","Lubero","Katondi","Voie publique","Kipese - Katondi","WHH (ex AAA)","Aug-10","8/3/10","Pillage","Vol de rue","Sans violence physique"
230,"Nord Kivu","Communes of Goma","Quartier Katindo droit","Lieu public","Goma","UNICEF","Aug-10","8/5/10","Pillage","Vol de rue","Sans violence physique"
231,"Nord Kivu","Walikale","Kalonge","Voie publique","Mpofi-Kibua","Caritas","Aug-10","8/5/10","Pillage","Vol de rue","Avec violence physique"
232,"Nord Kivu","Masisi","Nyamitaba","Voie publique","Nyamitaba - Lushebere","AVSI","Aug-10","8/7/10","Pillage","Vol de rue","Avec violence physique"
233,"Nord Kivu","Rutshuru","Katwe","Voie publique","Kikuku - Katwe","Solidaritթs ","Aug-10","8/11/10","Pillage","Vol de rue","Avec violence physique"
234,"Nord Kivu","Communes of Goma","Quartier Virunga","Domicile","Goma","UNDSS","Aug-10","8/17/10","Tentative de vol / Pillage ","Introduction dans une maison par effraction","Tentative d'introduction par effraction"
235,"Nord Kivu","Lubero","Lubero","Bureau","Lubero - Butembo","UNDSS","Aug-10","8/17/10","Cambriolage ","Securite des bureaux","Introduction dans un bureau par effraction"
236,"Nord Kivu","Rutshuru","Kitwe","Voie publique","Mutabo - Karambi","UNDSS","Aug-10","8/19/10","Agressions ","Voie de fait  avec violence","Voie de fait"
237,"Nord Kivu","Rutshuru","Luve","Voie publique","Luve - Nyanzale","UNDSS","Sep-10","9/2/10","Agression armee ","Voie de fait  avec violence","Voie de fait"
238,"Nord Kivu","Walikale","Molema","Voie publique","Kalembe - Pinga","Premiere Urgence","Sep-10","9/3/10","Pillage","Vol de rue","Avec violence physique"
239,"Nord Kivu","Rutshuru","Luve","Voie publique","Luve - Nyanzale","MERLIN","Sep-10","9/7/10","Pillage","Vol de rue","Avec violence physique"
240,"Nord Kivu","Walikale","Walikale","Bureau","Walikale ","GRAADE","Sep-10","9/13/10","Cambriolage ","Securite des bureaux","Introduction dans un bureau par effraction"
241,"Nord Kivu","Masisi","Kalembe","Voie publique","Kalembe-Ihula","MSF-H","Sep-10","9/16/10","Pillage","Vol de rue","Avec violence physique"
242,"Nord Kivu","Masisi","Mweso","Voie publique","Katsiru - Mweso","AVSI","Sep-10","9/17/10","Pillage","Vol de rue","Avec violence physique"
243,"Nord Kivu","Masisi","Kitchanga","Lieu public","Sake - Kitchanga","AVSI","Sep-10","9/20/10","Pillage","Vol de rue","Avec violence physique"
244,"Nord Kivu","Rutshuru","Bambo","Lieu public","Tongo - Nyanzale","AVSI","Sep-10","9/20/10","Requisition forcee","Voie de fait  avec violence","Voie de fait"
245,"Nord Kivu","Beni","Beni","Voie publique","Beni - Kasindi","CICR","Sep-10","9/22/10","Agressions ","Autres incidents securitaires",
246,"Nord Kivu","Rutshuru","Kishishe","Voie publique","Tongo - Nyanzale","MSF-H","Sep-10","9/23/10","Pillage","Vol de rue","Avec violence physique"
247,"Nord Kivu","Walikale","Nkumbwa","Voie publique","Walikale -Mpofi","IMC","Sep-10","9/23/10","Pillage","Vol de rue","Avec violence physique"
248,"Nord Kivu","Lubero","Bunyatenge","Voie publique","Mbughavinywa - Bunyatenge","WHH","Sep-10","9/24/10","Agressions ","Autres incidents securitaires",
249,"Nord Kivu","Walikale","Kalonge","Voie publique","Walikale Centre - Mpofi","OCHA","Sep-10","9/30/10","Pillage","Vol de rue","Avec violence physique"
250,"Nord Kivu","Rutshuru","Kikuku","Voie publique","Kikuku - Nyanzale","MSF-F","Oct-10","10/4/10","Pillage","Vol de rue","Avec violence physique"
251,"Nord Kivu","Communes of Goma","Quartier Katindo gauche","Domicile","Goma","Mercy Corps","Oct-10","10/7/10","Cambriolage ","Vol de rue","Avec violence physique"
252,"Nord Kivu","Communes of Goma","Quartier Mabanga Sud","Domicile","Goma","UNDSS","Oct-10","10/7/10","Cambriolage ","Vol de rue","Avec violence physique"
253,"Nord Kivu","Rutshuru","Luve","Voie publique","Nyanzale - Katsiru","AVSI","Oct-10","10/14/10","Pillage","Vol de rue","Avec violence physique"
254,"Nord Kivu","Masisi","Carton","Voie publique","Kitchanga - Mweso","AVSI","Oct-10","10/19/10","Pillage","Vol de rue","Avec violence physique"
255,"Nord Kivu","Beni","Beni","Voie publique","Beni","PEAC","Oct-10","10/21/10","Meurtre / Assassinat ","Agression physique","Meurtre"
256,"Nord Kivu","Walikale","Nkumbwa","Voie publique","Walikale Centre - Mpofi","ACF - USA","Oct-10","10/21/10","Agressions ","Agression physique","agression non sexuelle "
257,"Nord Kivu","Communes of Goma","Quartier Katindo gauche","Domicile","Goma","OCHA","Oct-10","10/24/10","Tentative de vol / Pillage ","Vol de rue",
258,"Nord Kivu","Rutshuru","Katwiguru","Voie publique","Kiwanja - Nyamilima","Heal Africa","Oct-10","10/25/10","Pillage","Vol de rue","Avec violence physique"
259,"Nord Kivu","Masisi","Rugebeshe","Voie publique","Sake - Kitchanga","AVSI","Oct-10","10/28/10","Pillage","Vol de rue","Avec violence physique"
260,"Nord Kivu","Masisi","Karuba","Lieu public","Sake - Karuba","Heppage International","Nov-10","11/5/10","Pillage","Vol de rue","Avec violence physique"
261,"Nord Kivu","Rutshuru","Kiwanja","Bureau","Rutshuru Centre - Kiwanja","World Vision","Nov-10","11/11/10","Pillage","Introduction dans une maison par effraction","Avec violence physique"
262,"Nord Kivu","Beni","Beni","Domicile","Beni - Butembo","PAP-RDC","Nov-10","11/12/10","Tentative de vol / Pillage ","Introduction dans une maison par effraction","Tentative d'introduction par effraction"
263,"Nord Kivu","Masisi","Kitchanga","Voie publique","Kitchanga - Birambizo","Johanniter ","Nov-10","11/12/10","Pillage","Vol de rue","Avec violence physique"
264,"Nord Kivu","Masisi","Kabati","Lieu public","Sake - Kitchanga","COOPI","Nov-10","11/15/10","Tracasseries","Perturbations","manifestations"
265,"Nord Kivu","Masisi","Nyakabingu","Voie publique","Mokoto բ_��_�� Muhanga","MSF-H","Nov-10","11/19/10","Pillage","Vol de rue","Sans violence physique"
266,"Nord Kivu","Masisi","Nyakabingu","Voie publique","Mokoto բ_��_�� Muhanga","Mercy Corps","Nov-10","11/19/10","Pillage","Vol de rue","Avec violence physique"
267,"Nord Kivu","Masisi","Ngandjo","Voie publique","Kirolirwe - Nyamitaba","World Vision International","Nov-10","11/25/10","Pillage","Vol de rue","Avec violence physique"
268,"Nord Kivu","Walikale","Ishunga","Voie publique","Walikale Centre - Mpofi","AVSI","Nov-10","11/29/10","Agression armee ","Voie de fait  avec violence","Voie de fait"
269,"Nord Kivu","Masisi","Nyakabingu","Voie publique","Mokoto - Muhanga","UNICEF","Dec-10","12/1/10","Pillage","Vol de rue","Avec violence physique"
270,"Nord Kivu","Lubero","Mbughavinwa","Voie publique","Luofu - Bitakongo","CEPROSSAN","Dec-10","12/7/10","Agressions ","Vol de rue","Avec violence physique"
271,"Nord Kivu","Rutshuru","Ruvumbura","Voie publique","Jomba - Karambi","AVSI","Dec-10","12/8/10","Agression armee ","Voie de fait  avec violence","Voie de fait"
272,"Nord Kivu","Walikale","Walikale","Lieu public","Walikale","Solidaritթs","Dec-10","12/12/10","Agressions ","Perturbations","manifestations"
273,"Nord Kivu","Masisi","Masisi","Lieu public","Sake - Masisi ","WVI","Dec-10","12/17/10","Pillage","Vol de rue",
274,"Nord Kivu","Rutshuru","Kiwanja","Voie publique","Kiwanja - Rutshuru","MSF-F","Dec-10","12/17/10","Pillage","Vol de rue","Avec violence physique"
275,"Nord Kivu","Communes of Goma","Quartier Kyeshero","Domicile","Goma","Helpage International","Dec-10","12/21/10",,"Introduction dans une maison par effraction","Sans violence physique"
276,"Nord Kivu","Communes of Goma","Quartier les volcans","Domicile","Goma","OCHA","Dec-10","12/25/10",,"Introduction dans une maison par effraction","Sans violence physique"
277,"Nord Kivu","Communes of Goma","Quartier Kyeshero","Domicile","Goma","UNDSS","Jan-11","1/8/11",,"Introduction dans une maison par effraction","Tentative d'introduction par effraction"
278,"Nord Kivu","Communes of Goma","Quartier les volcans","Domicile","Goma","UNDSS","Jan-11","1/13/11",,"Introduction dans une maison par effraction","Tentative d'introduction par effraction"
279,"Nord Kivu","Rutshuru","Luve","Voie publique","Katsiru - Nyanzale","UNDSS","Jan-11","1/17/11",,"Vol de rue","Sans violence physique"
280,"Nord Kivu","Rutshuru","Katwiguru","Voie publique","Kiwanja - Nyamilima","CICR","Jan-11","1/19/11",,"Vol de rue","Sans violence physique"
281,"Nord Kivu","Lubero","Timbo Timbo","Voie publique","Luofu - Mbughavinwa","WHH (ex AAA)","Jan-11","1/20/11",,"Securite des vehicules","Detournement arme"
282,"Nord Kivu","Communes of Goma","Quartier Katindo gauche","Bureau","Goma","SAP","Jan-11","1/22/11",,"Securite des bureaux","Introduction dans un bureau par effraction"
283,"Nord Kivu","Rutshuru","Ngoholo","Voie publique","Birambizo - Katsiru - Mweso","NRC","Jan-11","1/25/11",,"Vol de rue","Sans violence physique"
284,"Nord Kivu","Rutshuru","Nyanzale","Voie publique","Katsiru - Nyanzale","MSF-F","Jan-11","1/25/11",,"Vol de rue","Sans violence physique"
285,"Nord Kivu","Rutshuru","Gombe","Voie publique","Kiwanja - Nyamilima","MERLIN","Jan-11","1/31/11",,"Vol de rue","Sans violence physique"
286,"Nord Kivu","Communes of Goma","Quartier Kasiki","Domicile","Goma","UNDSS","Feb-11","2/5/11",,"Introduction dans une maison par effraction","Tentative d'introduction par effraction"
287,"Nord Kivu","Communes of Goma","Quartier les volcans","Domicile","Goma","UNDSS","Feb-11","2/11/11",,"Introduction dans une maison par effraction","Avec violence physique"
288,"Nord Kivu","Communes of Goma","Quartier Mapendo","Lieu public","Aթroport - Rond-point Birere","Care International","Feb-11","2/14/11",,"Agression physique","agression non sexuelle "
289,"Nord Kivu","Rutshuru","Kahunga","Voie publique","Kiwanja - Mabenga","Care International","Feb-11","2/15/11",,"Agression physique","agression non sexuelle "
290,"Nord Kivu","Rutshuru","Mabenga","Lieu public","Kiwanja - Rwindi","WHH (ex AAA)","Feb-11","2/16/11",,"Vol de rue","Avec violence physique"
291,"Nord Kivu","Rutshuru","Nyanzale","Voie publique","Nyanzale - Katsiru","JRS","Feb-11","2/16/11",,"Vol de rue","Sans violence physique"
292,"Nord Kivu","Communes of Goma","Quartier Himbi","Domicile","Goma","UNDSS","Feb-11","2/18/11",,"Introduction dans une maison par effraction","Tentative d'introduction par effraction"
293,"Nord Kivu","Masisi","Kitchanga","Voie publique","Sake - Kitchanga","SC-UK","Feb-11","2/23/11",,"Vol de rue","Avec violence physique"
294,"Nord Kivu","Walikale","Mpofi","Voie publique","Mpofi - Kibua","ACF-USA","Feb-11","2/23/11",,"Vol de rue","Sans violence physique"
295,"Nord Kivu","Masisi","Misinga","Voie publique","Bweru - Mweso","MSF-F","Feb-11","2/25/11",,"Vol de rue","Sans violence physique"
296,"Nord Kivu","Beni","Beni","Domicile","Beni","UNDSS","Feb-11","2/26/11",,"Introduction dans une maison par effraction","Sans violence physique"
297,"Nord Kivu","Rutshuru","Mutwangano","Voie publique","Nyanzale - Mweso","HCR / UNDSS","Mar-11","3/3/11",,"Vol de rue","Avec violence physique"
298,"Nord Kivu","Walikale","Kumbwa","Voie publique","Walikale centre - Mpofi ","OCHA","Mar-11","3/12/11",,"Vol de rue","Sans violence physique"
299,"Nord Kivu","Communes of Goma","Quartier les volcans","Lieu public","Goma","CICR","Mar-11","3/14/11",,"Vol de rue","Sans violence physique"
300,"Nord Kivu","Lubero","Butembo","Bureau","Beni - Butembo","SC-UK","Mar-11","3/15/11",,"Securite des bureaux","Introduction dans un bureau par effraction"
301,"Nord Kivu","Masisi","Kashuga","Voie publique","Kashuga - Kalembe","Mercy Corps","Mar-11","3/16/11",,"Vol de rue","Sans violence physique"
302,"Nord Kivu","Masisi","Kitchanga","Voie publique","Sake - Kitchanga","OCHA","Mar-11","3/23/11",,"Vol de rue","Sans violence physique"
303,"Nord Kivu","Beni","Beni","Domicile","Beni - Butembo","NRC","Mar-11","3/27/11",,"Introduction dans une maison par effraction","Avec violence physique"
304,"Nord Kivu","Communes of Goma","Quartier Kyeshero","Voie publique","Goma","NRC","Mar-11","3/28/11",,"Vol de rue","Avec violence physique"
305,"Nord Kivu","Rutshuru","Luve","Voie publique","Katsiru - Nyanzale","GIZ","Mar-11","3/29/11",,"Vol de rue","Avec violence physique"
306,"Nord Kivu","Rutshuru","Rutshuru","Voie publique","Goma - Rutshuru","WOA","Mar-11","3/31/11",,"Perturbations","manifestations"
307,"Nord Kivu","Masisi","Kalengera ","Voie publique","Kalengera - Mpati","OCHA","Apr-11","4/1/11",,"Perturbations","Bagare routier"
308,"Nord Kivu","Masisi","Carton","Voie publique","Kichanga - Mweso","MSF-H","Apr-11","4/5/11",,"Vol de rue","Avec violence physique"
309,"Nord Kivu","Masisi","Tebero","Voie publique","Burungu - Kitchanga","NRC","Apr-11","4/5/11",,"Agression physique",
310,"Nord Kivu","Masisi","JTN","Voie publique","Mweso - Nyanzale","Mercy Corps","Apr-11","4/12/11",,"Vol de rue","Sans violence physique"
311,"Nord Kivu","Masisi","Kabati","Voie publique","Kabati - Kirolirwe","SFCG","Apr-11","4/26/11",,"Vol de rue","Sans violence physique"
312,"Nord Kivu","Masisi","Kirolirwe","Voie publique","Sake - Kitchanga","OCHA","Apr-11","4/29/11",,"Perturbations","manifestations"
313,"Nord Kivu","Masisi","Kitchanga","Domicile","Sake - Kitchanga","HCR","Apr-11","4/29/11",,"Vol de rue","Avec violence physique"
314,"Nord Kivu","Lubero","Alimbongo","Voie publique","Alimbongo - Bunyatenge","Soldiratitթs","May-11","5/2/11",,"Securite des vehicules","Detournement arme"
315,"Nord Kivu","Communes of Goma","Quartier les volcans","Lieu public","Goma","UNDSS","May-11","5/4/11",,"Securite des vehicules","Vol de vehicule"
316,"Nord Kivu","Communes of Goma","Quartier Himbi","Domicile","Goma","OCHA","May-11","5/8/11",,"Introduction dans une maison par effraction","Sans violence physique"
317,"Nord Kivu","Masisi","Masisi","Bureau","Sake - Masisi Centre","NCA","May-11","5/15/11",,"Autres incidents securitaires",
318,"Nord Kivu","Lubero","Kirumba","Bureau","Kayna բ_��_�� Mighobwe","OCHA","May-11","5/16/11",,"Securite des bureaux","Introduction dans un bureau par effraction"
319,"Nord Kivu","Communes of Goma","Quartier les volcans","Voie publique","Goma","SC-UK","May-11","5/18/11",,"Securite des vehicules","Vol de vehicule"
320,"Nord Kivu","Masisi","Kitchanga","Voie publique","Sake - Kitchanga","OCHA","May-11","5/24/11",,"Vol de rue","Sans violence physique"
321,"Nord Kivu","Masisi","Kitchanga","Voie publique","Sake - Kitchanga","OCHA","May-11","5/24/11",,"Vol de rue","Sans violence physique"
322,"Nord Kivu","Rutshuru","Mutwangano","Voie publique","Katsiru - Nyanzale","Mercy Corps","May-11","5/26/11",,"Vol de rue","Sans violence physique"
323,"Nord Kivu","Walikale","Walikale","Bureau","Walikale","OIM","May-11","5/29/11",,"Securite des bureaux","Introduction dans un bureau par effraction"
324,"Nord Kivu","Rutshuru","Luve","Voie publique","Katsiru - Nyanzale","GIZ","May-11","5/31/11",,"Agression physique",
325,"Nord Kivu","Walikale","Walikale","Domicile","Walikale Centre","ACF-USA","Jun-11","6/5/11",,"Agression physique",
326,"Nord Kivu","Rutshuru","Kalengera","Voie publique","Kalengera - Tongo","UNDSS","Jun-11","6/7/11",,"Vol de rue","Sans violence physique"
327,"Nord Kivu","Rutshuru","Kalengera","Voie publique","Kalengera - Tongo","IEDA Relief","Jun-11","6/7/11",,"Agression physique",
328,"Nord Kivu","Masisi","JTN","Voie publique","Mweso - Nyanzale","NRC","Jun-11","6/14/11",,"Vol de rue","Sans violence physique"
329,"Nord Kivu","Communes of Goma","Quartier les volcans","Lieu public","Goma","UNDSS / MERLIN","Jun-11","6/15/11",,"Securite des vehicules","Vol de vehicule"
330,"Nord Kivu","Communes of Goma","Quartier Katindo droit","Voie publique","Goma","UNDSS","Jun-11","6/18/11",,"Agression physique","agression non sexuelle "
331,"Nord Kivu","Rutshuru","Rwindi","Voie publique","Rwindi - Kanyabayonga","MERLIN","Jun-11","6/22/11",,"Vol de rue","Sans violence physique"
332,"Nord Kivu","Communes of Goma","Quartier Katindo gauche","Voie publique","Goma","HCR","Jun-11","6/23/11",,"Agression physique",
333,"Nord Kivu","Rutshuru","Bambu","Voie publique","Bambu - Kabizo","Tearfund","Jun-11","6/23/11",,"Vol de rue","Sans violence physique"
334,"Nord Kivu","Rutshuru","Sisa","Voie publique","Kitchanga - Birambizo","AVSI","Jul-11","7/7/11",,"Vol de rue","Sans violence physique"
335,"Nord Kivu","Rutshuru","Rugarama","Voie publique","Kiwanja - Ishasha","OCHA","Jul-11","7/12/11",,"Vol de rue","Sans violence physique"
336,"Nord Kivu","Communes of Goma","Quartier les volcans","Domicile","Goma","CARE International","Jul-11","7/17/11",,"Agression physique",
337,"Nord Kivu","Walikale","Walikale","Bureau","Mutakato - Walikale Centre","AAI","Jul-11","7/25/11",,"Agression physique","agression non sexuelle "
338,"Nord Kivu","Rutshuru","Katsiru","Vehicule","Mweso - Nyanzale","Mercy Corps","Jul-11","7/26/11",,"Vol de rue","Sans violence physique"
339,"Nord Kivu","Rutshuru","Sisa","Voie publique","Bishusha - Bukombo","HCR","Jul-11","7/29/11",,"Vol de rue","Avec violence physique"
340,"Nord Kivu","Communes of Goma","Goma","Lieu public","Goma","UNDSS","Jul-11","7/30/11",,"Voie de fait  avec violence","Voie de fait"
341,"Nord Kivu","Communes of Goma","Quartier Mabanga Nord","Domicile","Goma","AVSI","Aug-11","8/1/11",,"Introduction dans une maison par effraction","Sans violence physique"
342,"Nord Kivu","Beni","Beni","Domicile","Beni - Butembo","UNDSS","Aug-11","8/3/11",,"Introduction dans une maison par effraction","Sans violence physique"
343,"Nord Kivu","Rutshuru","Luve","Voie publique","Katsiru - Nyanzale","NRC","Aug-11","8/3/11",,"Vol de rue","Sans violence physique"
344,"Nord Kivu","Walikale","Walikale","Domicile","Walikale centre","ACF-USA","Aug-11","8/9/11",,"Voie de fait  avec violence","Voie de fait"
345,"Nord Kivu","Beni","Beni","Domicile","Beni - Butembo","NRC","Aug-11","8/12/11",,"Autres incidents securitaires",
346,"Nord Kivu","Beni","Beni","Domicile","Beni - Butembo","NRC","Aug-11","8/13/11",,"Introduction dans une maison par effraction","Tentative d'introduction par effraction"
347,"Nord Kivu","Beni","Beni","Domicile","Beni - Butembo","NRC","Aug-11","8/14/11",,"Introduction dans une maison par effraction","Tentative d'introduction par effraction"
348,"Nord Kivu","Communes of Goma","Quartier Mapendo","Lieu public","Goma","MERRLIN","Aug-11","8/17/11",,"Vol de rue","Sans violence physique"
349,"Nord Kivu","Communes of Goma","Quartier Mabanga Nord","Domicile","Goma","SC-UK","Aug-11","8/19/11",,"Introduction dans une maison par effraction","Tentative d'introduction par effraction"
350,"Nord Kivu","Masisi","Sake","Lieu public","Goma - Sake","FONHAD","Aug-11","8/25/11",,"Detention physique","Arrestation"
351,"Nord Kivu","Masisi","Kitchanga","Domicile","Sake - Kitchanga","Heal Africa","Aug-11","8/26/11",,"Voie de fait  avec violence","Voie de fait"
352,"Nord Kivu","Communes of Goma","Quartier Virunga","Domicile","Goma","UNDSS","Sep-11","9/4/11",,"Introduction dans une maison par effraction","Sans violence physique"
353,"Nord Kivu","Communes of Goma","Quartier Katindo droit","Voie publique","Goma - Sake","IRC","Sep-11","9/6/11",,"Detention physique","Detention"
354,"Nord Kivu","Walikale","Kigoma","Voie publique","Walikale Centre - Mpofi","GRACE","Sep-11","9/9/11",,"Agression physique","Prise d'otage"
355,"Nord Kivu","Communes of Goma","Quartier Himbi","Voie publique","Goma","Heal Africa","Sep-11","9/10/11",,"Voie de fait  avec violence","Voie de fait"
356,"Nord Kivu","Lubero","Kaseghe","Voie publique","Kayna - Kaseghe","WHH","Sep-11","9/10/11",,"Agression physique","Prise d'otage"
357,"Nord Kivu","Lubero","Masereka","Voie publique","Lubero - Masereka","Handicap International","Sep-11","9/20/11",,"Vol de rue","Sans violence physique"
358,"Nord Kivu","Communes of Goma","Goma","Domicile","Goma","AAI","Sep-11","9/22/11",,"Introduction dans une maison par effraction","Sans violence physique"
359,"Nord Kivu","Communes of Goma","Goma","Voie publique","Goma","Heal Africa","Sep-11","9/26/11",,"Autres incidents securitaires","Autres incidents securitaires"
360,"Nord Kivu","Masisi","Kitchanga","Voie publique","Mokoto-Kitchanga","OCHA","Sep-11","9/29/11",,"Securite des vehicules","Detournement arme"
361,"Nord Kivu","Masisi","Kitchanga","Voie publique","Mokoto - Kitchanga","OCHA","Sep-11","9/29/11",,"Securite des vehicules","Detournement arme"
362,"Nord Kivu","Walikale","Walikale","Bureau","Walikale Centre - Mutakato","IMC","Oct-11","10/1/11",,"Securite des bureaux","Introduction dans un bureau par effraction"
363,"Nord Kivu","Masisi","Kitchanga","Bureau","Sake - Kitchanga","HCR","Oct-11","10/3/11",,"Securite des bureaux","Introduction dans un bureau par effraction"
364,"Nord Kivu","Masisi","Kisima","Voie publique","Loashi - Bonde","HCR","Oct-11","10/11/11",,"Vol de rue","Sans violence physique"
365,"Nord Kivu","Masisi","Kaandja","Voie publique","Sake - Masisi Centre","NRC","Oct-11","10/12/11",,"Securite des vehicules","cambriolage de voiture"
366,"Nord Kivu","Walikale","Walikale","Domicile","Walikale Centre - Mutakato","Heal Africa","Oct-11","10/12/11",,"Introduction dans une maison par effraction","Tentative d'introduction par effraction"
367,"Nord Kivu","Masisi","Masisi","Voie publique","Sake - Masisi","NRC","Oct-11","10/15/11",,"Securite des vehicules","cambriolage de voiture"
368,"Nord Kivu","Walikale","Pinga","Lieu public","Pinga - Kalembe","IEDA","Oct-11","10/15/11",,"Autres incidents securitaires","Autres incidents securitaires"
369,"Nord Kivu","Communes of Goma","Quartier Mabanga Nord","Voie publique","Goma","OCHA","Oct-11","10/18/11",,"Agression physique","agression non sexuelle "
370,"Nord Kivu","Rutshuru","Burai","Voie publique","Burai - Bunagana","Merlin","Oct-11","10/26/11",,"Vol de rue","Sans violence physique"
371,"Nord Kivu","Masisi","Kaandja","Voie publique","Loashi - Kaandja","GRAADE","Nov-11","11/1/11",,"Agression physique","Prise d'otage"
372,"Nord Kivu","Rutshuru","Kanyangwazi","Voie publique","Kanyabayonga - Rwindi","AAI","Nov-11","11/1/11",,"Agression physique",
373,"Nord Kivu","Walikale","Kashebere","Bureau","Mpofi - Kashebere","GRAADE","Nov-11","11/2/11",,"Securite des bureaux","Occupation des bureaux"
374,"Nord Kivu","Communes of Goma","Quartier Himbi","Domicile","Goma","UNDSS","Nov-11","11/4/11",,"Agression physique",
375,"Nord Kivu","Rutshuru","Kibirizi","Voie publique","Rwindi - Kibirizi","Mercy Corps","Nov-11","11/8/11",,"Vol de rue","Sans violence physique"
376,"Nord Kivu","Communes of Goma","Quartier Virunga","Domicile","Goma","UNDSS","Nov-11","11/11/11",,"Introduction dans une maison par effraction","Avec violence physique"
377,"Nord Kivu","Masisi","Masisi","Domicile","Sake - Masisi Centre","MSF-B","Nov-11","11/21/11",,"Introduction dans une maison par effraction","Avec violence physique"
378,"Nord Kivu","Rutshuru","Luve","Voie publique","Luve - Nyanzale","MSF-F","Nov-11","11/23/11",,"Vol de rue","Sans violence physique"
379,"Nord Kivu","Communes of Goma","Quartier Office I","Voie publique","Goma","UNDSS","Nov-11","11/30/11",,"Agression physique",
380,"Nord Kivu","Rutshuru","Rutshuru","Bureau","Goma - Rutshuru","Rթseau BIFERD","Nov-11","11/30/11",,"Securite des bureaux","Introduction dans un bureau par effraction"
381,"Nord Kivu","Walikale","Walikale","Bureau","Walikale Centre - Mpofi","IEDA Relief","Dec-11","12/7/11",,"Securite des bureaux","Introduction dans un bureau par effraction"
382,"Nord Kivu","Masisi","Kashuga","Voie publique","Mweso - Kashuga","MSF-H","Dec-11","12/8/11",,"Vol de rue","Sans violence physique"
383,"Nord Kivu","Masisi","Mweso","Domicile","Kitchanga - Mweso","MSF-H","Dec-11","12/8/11",,"Introduction dans une maison par effraction","Tentative d'introduction par effraction"
384,"Nord Kivu","Communes of Goma","Quartier Mabanga Sud","Domicile","Goma","Heal Africa","Dec-11","12/16/11",,"Introduction dans une maison par effraction","Avec violence physique"
385,"Sud Kivu","Uvira","Uvira","Voie publique","Uvira-bujumbura","ACTED","Jan-09","1/6/09","Embuscade","Securite des vehicules","Vol de vehicule"
386,"Sud Kivu","Fizi","Kazimia","Voie publique","Baraka - Kazimia","WWI","Jan-09","1/24/09","Embuscade","Securite des vehicules","cambriolage de voiture"
387,"Sud Kivu","Uvira","Uvira","Lieu public",-0,"JRS","Feb-09","2/2/09","Prise d'otage ","Agression physique","Prise d'otage"
388,"Sud Kivu","Communes of Bukavu","Bukavu","Domicile","Route d'Uvira","UNDSS","Feb-09","2/3/09","Cambriolage ","Introduction dans une maison par effraction","Avec violence physique"
389,"Sud Kivu","Fizi","Lulimba","Voie publique","Baraka-Lulimba","WCC","Apr-09","4/22/09","Embuscade","Securite des vehicules","cambriolage de voiture"
390,"Sud Kivu","Communes of Bukavu","Bukavu","Domicile","Av Mbaki","UNDSS","May-09","5/2/09","Tentative de vol / Pillage ","Introduction dans une maison par effraction","Sans violence physique"
391,"Sud Kivu","Communes of Bukavu","Bukavu","Domicile","Comme Ibanda av. Mbaki","UNDSS","Mar-09","5/3/09","Tentative de vol / Pillage ","Introduction dans une maison par effraction","Tentative d'introduction par effraction"
392,"Sud Kivu","Kalehe","Minova","Voie publique","Minova","IRC","Mar-09","5/5/09","Embuscade","Vol de rue","Avec violence physique"
393,"Sud Kivu","Kalehe","Numbi","Voie publique","Numbi","UNDSS","Mar-09","5/5/09","Embuscade","Vol de rue","Avec violence physique"
394,"Sud Kivu","Kalehe","Numbi","Voie publique","Numbi","MONUC","Mar-09","5/6/09","Embuscade","Vol de rue","Avec violence physique"
395,"Sud Kivu","Walungu","Walungu","Voie publique","Nyanja - Nduba","IRC","Mar-09","5/6/09","Embuscade","Vol de rue","Avec violence physique"
396,"Sud Kivu","Communes of Bukavu","Bukavu","Domicile","Quartier ndendere"," Av. KasaբՊ��","Mar-09","5/10/09","Agressions ","Agression physique","Agression physique"
397,"Sud Kivu","Kabare","Miti","Voie publique","Miti-Bunyakiri","SC","Mar-09","5/22/09","Embuscade","Voie de fait  avec violence","Agression physique"
398,"Sud Kivu","Kalehe","Bulagiza","Voie publique","Kalungu - Numbi","BCZ","Mar-09","5/25/09","Embuscade","Vol de rue","Avec violence physique"
399,"Sud Kivu","Communes of Bukavu","Bukavu","Voie publique","Bukavu-Ruzizi","JRS","Jul-09","7/1/09","Tentative de vol / Pillage ","Securite des vehicules","Vol de vehicule"
400,"Sud Kivu","Communes of Bukavu","Bukavu","Lieu public","Place Nyawera","WC","Jul-09","7/3/09","Tentative de vol / Pillage ","Securite des vehicules","cambriolage de voiture"
401,"Sud Kivu","Shabunda","Kigulube","Lieu public","Kigulube Bukavu","UNDSS","Sep-09","9/2/09","Embuscade","Vol de rue","Avec violence physique"
402,"Sud Kivu","Shabunda","Kigulube","Lieu public","Kigulube Bukavu","UNDSS","Sep-09","9/2/09","Embuscade","Agression physique","Harcelement"
403,"Sud Kivu","Communes of Bukavu","Bukavu","Domicile","Muhumba","UNDSS","Sep-09","9/22/09","Tentative de vol / Pillage ","Introduction dans une maison par effraction","Sans violence physique"
404,"Sud Kivu","Communes of Bukavu","Bukavu","Lieu public","Nyawera","UNDSS","Sep-09","9/24/09","Tentative de vol / Pillage ","Vol de rue","Avec violence physique"
405,"Sud Kivu","Communes of Bukavu","Bukavu","Lieu public","Feux rouge","UNDSS","Sep-09","9/30/09","Tentative de vol / Pillage ","Vol de rue","Sans violence physique"
406,"Sud Kivu","Fizi","Iseke","Voie publique","Fizi centre - Lobondja","UNDSS","Sep-09","9/30/09","Meurtre / Assassinat ","Agression physique","Meurtre"
407,"Sud Kivu","Fizi","Fizi","Voie publique","Hauts Plateux d'Uvira et  de Fizi","IMC","Oct-09","10/1/09","Prise d'otage ","Agression physique","Prise d'otage"
408,"Sud Kivu","Communes of Bukavu","Bukavu","Voie publique","Route d'Uvira","UNDSS","Oct-09","10/26/09","Agressions ","Vol de rue","Avec violence physique"
409,"Sud Kivu","Fizi","Lyungu","Voie publique","Baraka-Fizi","WC C","Nov-09","11/16/09","Pillage","Vol de rue","Avec violence physique"
410,"Sud Kivu","Kalehe","Bunyakiri","Voie publique","Bunyakiri-Hombo","COOPI","Nov-09","11/17/09","Manifestation","Perturbations","manifestations"
411,"Sud Kivu","Shabunda","Kalole","Lieu public","Kalole","UNDSS","Dec-09","12/2/09","Incendie","Voie de fait  avec violence","Voie de fait"
412,"Sud Kivu","Shabunda","Shabunda","Bureau","Shabunda centre","UNDSS","Dec-09","12/2/09","Manifestation","Perturbations","manifestations"
413,"Sud Kivu","Communes of Bukavu","Bukavu","Voie publique","Nyawera","UNDSS","Dec-09","12/5/09","Tentative de vol / Pillage ","Vol de rue","Sans violence physique"
414,"Sud Kivu","Shabunda","Kalole","Lieu public","Kalole","UNDSS","Dec-09","12/5/09","Prise d'otage ","Agression physique","Prise d'otage"
415,"Sud Kivu","Uvira","Lemera","Voie publique","Rubanga-Lemera","UNDSS","Dec-09","12/16/09","Embuscade","Voie de fait  avec violence","Agression physique"
416,"Sud Kivu","Communes of Bukavu","Bukavu","Voie publique","Ibanda-Kadutu","UNDSS","Dec-09","12/23/09","Tentative de vol / Pillage ","Vol de rue","Sans violence physique"
417,"Sud Kivu","Fizi","Buma","Voie publique","Buma-Kazimia","ADRA","Jan-09","1/11/10","Agression armee ","Voie de fait  avec violence","Agression physique"
418,"Sud Kivu","Fizi","Kalingi","Voie publique","Fizi-Minembwe","ACTED","Jan-10","1/20/10","Embuscade","Securite des vehicules","cambriolage de voiture"
419,"Sud Kivu","Fizi","Kalingi","Voie publique","Fizi-Minembwe","OXFAM-GB","Jan-10","1/20/10","Embuscade","Securite des vehicules","cambriolage de voiture"
420,"Sud Kivu","Communes of Bukavu","Bukavu","Domicile","Nyalukembe","UNDSS","Feb-10","2/13/10","Tentative de vol / Pillage ","Introduction dans une maison par effraction","Tentative d'introduction par effraction"
421,"Sud Kivu","Communes of Bukavu","Bukavu","Domicile","Ikanga","UNDSS","Feb-10","2/14/10","Agressions ","Agression physique","Harcelement"
422,"Sud Kivu","Shabunda","Matili","Voie publique","Matili","A.A.P","Feb-10","2/14/10","Tracasseries","Detention physique","Arrestation"
423,"Sud Kivu","Uvira","Uvira","Domicile","Uvira","UNDSS","Feb-10","2/14/10","Cambriolage ","Securite des bureaux","Introduction dans un bureau par effraction"
424,"Sud Kivu","Shabunda","Matili","Voie publique","Matili-Shabunda centre","A.A.P","Feb-10","2/16/10","Tracasseries","Detention physique","Arrestation"
425,"Sud Kivu","Shabunda","Kigulube","Voie publique","Kigulube - Bukavu","OIM","Feb-10","2/21/10","Embuscade","Securite des vehicules","cambriolage de voiture"
426,"Sud Kivu","Uvira","Uvira","Bureau","Uvira","SFCG","Feb-10","2/23/10","Cambriolage ","Securite des bureaux","Introduction dans un bureau par effraction"
427,"Sud Kivu","Fizi","Malinde1","Voie publique","Fizi - Baraka","IMC","Feb-10","2/25/10","Embuscade","Securite des vehicules","cambriolage de voiture"
428,"Sud Kivu","Fizi","Kilembwe","Voie publique","Kilembwe - Makola","IRC","Feb-10","2/26/10","Embuscade","Vol de rue","Avec violence physique"
429,"Sud Kivu","Fizi","Lulimba","Voie publique","Lulimba","GTZ","Feb-10","2/28/10","Embuscade","Vol de rue","Avec violence physique"
430,"Sud Kivu","Fizi","Baraka","Bureau","Baraka","Tearfund","Mar-10","3/1/10","Cambriolage ","Securite des bureaux","Introduction dans un bureau par effraction"
431,"Sud Kivu","Fizi","Simbi","Voie publique","Simbi-Malinde","AMI","Mar-10","3/3/10","Exactions","Detention physique","Detention"
432,"Sud Kivu","Fizi","Baraka","Voie publique","Baraka","ADRA","Mar-10","3/4/10","Agressions ","Vol de rue","Avec violence physique"
433,"Sud Kivu","Fizi","Fizi","Voie publique","Fizi-Baraka","UNOPS","Mar-10","3/4/10","Requisition forcee","Agression physique","Harcelement"
434,"Sud Kivu","Communes of Bukavu","Bukavu","Bureau","Ndendere","ADSSE","Mar-10","3/12/10","Tentative de vol / Pillage ","Securite des bureaux","Introduction dans un bureau par effraction"
435,"Sud Kivu","Shabunda","Shabunda","Bureau","Shabunda centre","PLD","Mar-10","3/12/10","Agressions ","Agression physique","Harcelement"
436,"Sud Kivu","Mwenga","Kasika","Voie publique","Kasika","ECC MERU","Mar-10","3/20/10","Embuscade","Voie de fait  avec violence","Agression physique"
437,"Sud Kivu","Fizi","Kilembwe","Voie publique","Kilembwe-Lulimba","AMI","Mar-10","3/24/10","Embuscade","Vol de rue","Avec violence physique"
438,"Sud Kivu","Fizi","Baraka","Bureau","Baraka","MSF-H","Apr-10","4/2/10","Tentative de vol / Pillage ","Securite des bureaux","Introduction dans un bureau par effraction"
439,"Sud Kivu","Fizi","Kananda","Voie publique","Kananda-Kilitcha","CICR","Apr-10","4/9/10","Prise d'otage ","Agression physique","Prise d'otage"
440,"Sud Kivu","Fizi","Fizi","Bureau","Fizi centre","UNOPS","Apr-10","4/13/10","Pillage","Securite des bureaux","Introduction dans un bureau par effraction"
441,"Sud Kivu","Fizi","Swima","Voie publique","Uvira-Baraka","ADRA","Apr-10","4/16/10","Embuscade","Vol de rue","Avec violence physique"
442,"Sud Kivu","Communes of Bukavu","Bukavu","Domicile","Hippodrome","UNDSS","Apr-10","4/18/10","Tentative de vol / Pillage ","Introduction dans une maison par effraction","Tentative d'introduction par effraction"
443,"Sud Kivu","Fizi","Kalongwe","Bureau","Kalongwe","Tearfund","Apr-10","4/21/10","Cambriolage ","Securite des bureaux","Introduction dans un bureau par effraction"
444,"Sud Kivu","Fizi","Simbi","Voie publique","Simbi-Malinde","Tearfund","Apr-10","4/26/10","Embuscade","Vol de rue","Avec violence physique"
445,"Sud Kivu","Fizi","Baraka","Bureau","Baraka","MSF-H","May-10","5/1/10","Tentative de vol / Pillage ","Securite des bureaux","Introduction dans un bureau par effraction"
446,"Sud Kivu","Fizi","Katanga","Voie publique","Katanga-Baraka","Tearfund","May-10","5/6/10","Requisition forcee","Agression physique","Harcelement"
447,"Sud Kivu","Fizi","Fizi","Inconnu","Fizi centre","ARAL","May-10","5/9/10","Agressions ","Agression physique","Harcelement"
448,"Sud Kivu","Fizi","Katanga","Voie publique","Katanga-Baraka","Tearfund","May-10","5/13/10","Requisition forcee","Agression physique","Harcelement"
449,"Sud Kivu","Fizi","Ecibe","Voie publique","Ecibe - Baraka","ADRA","May-10","5/25/10","Embuscade","Vol de rue","Avec violence physique"
450,"Sud Kivu","Fizi","Kananda","Voie publique","Kananda-Bwala","ADRA","May-10","5/31/10","Requisition forcee","Agression physique","Harcelement"
451,"Sud Kivu","Fizi","Mukindja","Voie publique","Baraka-Mukindja","AVSI","Jun-10","6/3/10","Embuscade","Vol de rue","Avec violence physique"
452,"Sud Kivu","Shabunda","Shabunda","Bureau","Shabunda centre","AAP","Jun-10","6/3/10","Agressions ","Securite des bureaux","Occupation des bureaux"
453,"Sud Kivu","Communes of Bukavu","Bukavu","Domicile","Nyawera","AMT-IPRO","Jun-10","6/7/10","Agressions ","Voie de fait  avec violence","Agression physique"
454,"Sud Kivu","Communes of Bukavu","Bukavu","Domicile","Nguba","UNDSS","Jun-10","6/11/10","Tentative de vol / Pillage ","Introduction dans une maison par effraction","Tentative d'introduction par effraction"
455,"Sud Kivu","Shabunda","Mungembe","Voie publique","Kalima-Mugembe","AAP","Jun-10","6/12/10","Requisition forcee","Agression physique","Harcelement"
456,"Sud Kivu","Communes of Bukavu","Bukavu","Domicile","Kibombo","UNDSS","Jun-10","6/19/10","Tentative de vol / Pillage ","Introduction dans une maison par effraction","Tentative d'introduction par effraction"
457,"Sud Kivu","Uvira","Uvira","Bureau","Uvira","Tearfund","Jun-10","6/23/10","Tentative de vol / Pillage ","Securite des bureaux","Introduction dans un bureau par effraction"
458,"Sud Kivu","Communes of Bukavu","Bukavu","Domicile","Nguba","UNDSS","Jul-10","7/2/10","Tentative de vol / Pillage ","Introduction dans une maison par effraction","Sans violence physique"
459,"Sud Kivu","Shabunda","Shabunda","Bureau","Shabunda centre","GTZ","Jul-10","7/27/10","Agressions ","Agression physique","Harcelement"
460,"Sud Kivu","Fizi","Kilicha","Voie publique","Kilicha","IMC","Aug-10","8/11/10","Embuscade","Vol de rue","Avec violence physique"
461,"Sud Kivu","Communes of Bukavu","Bukavu","Domicile","Mukukwe/ISGEA","UNDSS","Aug-10","8/31/10","Tentative de vol / Pillage ","Introduction dans une maison par effraction","Tentative d'introduction par effraction"
462,"Sud Kivu","Fizi","Kalimbwe","Voie publique","Kilembwe","AMI","Aug-10","8/31/10","Embuscade","Vol de rue","Avec violence physique"
463,"Sud Kivu","Uvira","Kashatu","Voie publique","Kashatu-Bulindwe","IRC","Sep-10","9/2/10","Embuscade","Securite des vehicules","cambriolage de voiture"
464,"Sud Kivu","Communes of Bukavu","Bukavu","Domicile","Kadutu","UNDSS","Sep-10","9/11/10","Tentative de vol / Pillage ","Introduction dans une maison par effraction","Avec violence physique"
465,"Sud Kivu","Communes of Bukavu","Bukavu","Bureau","Katutu","UNDSS","Sep-10","9/28/10","Tentative de vol / Pillage ","Introduction dans une maison par effraction","Avec violence physique"
466,"Sud Kivu","Communes of Bukavu","Bukavu","Voie publique","Place de l'indթpendance","UNDSS","Oct-10","10/1/10","Agressions ","Agression physique","Harcelement"
467,"Sud Kivu","Communes of Bukavu","Bukavu","Domicile","Pesage I","UNDSS","Oct-10","10/2/10","Tentative de vol / Pillage ","Introduction dans une maison par effraction",
468,"Sud Kivu","Communes of Bukavu","Bukavu","Domicile","Sinelac Mukukwe","UNDSS","Oct-10","10/9/10","Tentative de vol / Pillage ","Introduction dans une maison par effraction","Sans violence physique"
469,"Sud Kivu","Communes of Bukavu","Bukavu","Voie publique","PE. Lumumba","UNDSS","Nov-10","11/3/10","Cambriolage ","Vol de rue","Avec violence physique"
470,"Sud Kivu","Fizi","Kashogo","Voie publique","Fizi-Minembwe","UGEAFI","Nov-10","11/4/10","Embuscade","Vol de rue","Avec violence physique"
471,"Sud Kivu","Uvira","Kirumba","Voie publique","Kirumba","Hope in Action","Nov-10","11/4/10","Tracasseries","Agression physique","Harcelement"
472,"Sud Kivu","Uvira","Sange","Voie publique","Sange","IRC","Nov-10","11/11/10","Prise d'otage ","Agression physique","Prise d'otage"
473,"Sud Kivu","Communes of Bukavu","Bukavu","Domicile","Kibombo","UNDSS","Nov-10","11/22/10","Tentative de vol / Pillage ","Introduction dans une maison par effraction","Tentative d'introduction par effraction"
474,"Sud Kivu","Communes of Bukavu","Bukavu","Voie publique","PE. Lumumba","UNDSS","Nov-10","11/26/10","Agressions ","Agression physique","Harcelement"
475,"Sud Kivu","Communes of Bukavu","Bukavu","Domicile","quartier Nkafu"," Commune de Kadutu","Dec-10","12/8/10","Tentative de vol / Pillage ","Introduction dans une maison par effraction","Introduction dans une maison par effraction"
476,"Sud Kivu","Fizi","Lulimba","Voie publique","Lulimba-Kilembwe","PRIMAR","Dec-10","12/11/10","Prise d'otage ","Detention physique","Arrestation"
477,"Sud Kivu","Shabunda","Shabunda","Bureau","Shabunda centre","AVSI","Dec-10","12/11/10","Cambriolage ","Securite des bureaux","Introduction dans un bureau par effraction"
478,"Sud Kivu","Shabunda","Shabunda","Bureau","Shabunda centre","AVSI","Dec-10","12/12/10","Cambriolage ","Securite des bureaux","Introduction dans un bureau par effraction"
479,"Sud Kivu","Shabunda","Shabunda","Bureau","Shabunda centre","AVSI","Dec-10","12/12/10","Cambriolage ","Securite des bureaux","Introduction dans un bureau par effraction"
480,"Sud Kivu","Fizi","Kikonde","Voie publique","Kikonde-Kazimia","ADRA","Dec-10","12/13/10","Embuscade","Securite des vehicules","Detournement arme"
481,"Sud Kivu","Fizi","Lweba","Voie publique","Lweba-Baraka","ACTED","Dec-10","12/13/10","Agressions ","Voie de fait  avec violence","Agression physique"
482,"Sud Kivu","Shabunda","Shabunda","Bureau","Shabunda centre","AVSI","Dec-10","12/13/10","Cambriolage ","Securite des bureaux","Introduction dans un bureau par effraction"
483,"Sud Kivu","Communes of Bukavu","Bukavu","Domicile","Patrice Emery Lumumba-Ibanda","UNDSS","Dec-10","12/25/10","Tentative de vol / Pillage ","Introduction dans une maison par effraction","Tentative d'introduction par effraction"
484,"Sud Kivu","Communes of Bukavu","Bukavu","Voie publique","Kabono-Kadutu","UNDSS","Dec-10","12/25/10","Agressions ","Vol de rue","Avec violence physique"
485,"Sud Kivu","Shabunda","Shabunda","Bureau","Shabunda centre","OCHA Shabunda","Jan-11","1/3/11",,"Securite des bureaux","Introduction dans un bureau par effraction"
486,"Sud Kivu","Shabunda","Shabunda","Bureau","Shabunda centre","OCHA Shabunda","Jan-11","1/4/11",,"Securite des bureaux","Introduction dans un bureau par effraction"
487,"Sud Kivu","Shabunda","Shabunda","Bureau","Shabunda centre","OCHA Shabunda","Jan-11","1/4/11",,"Securite des bureaux","Introduction dans un bureau par effraction"
488,"Sud Kivu","Walungu","Ikoma","Voie publique","Bukavu-Burhale","Village COBAYE","Jan-11","1/11/11","Embuscade","Securite des vehicules","Vol de vehicule"
489,"Sud Kivu","Communes of Bukavu","Bukavu","Voie publique","Cercle Hyppique","EAUR","Jan-11","1/13/11","Agressions ","Voie de fait  avec violence","Agression physique"
490,"Sud Kivu","Shabunda","Kiseku","Voie publique","Kisesu","UNOPS","Feb-11","2/1/11",,"Securite des vehicules","Detournement arme"
491,"Sud Kivu","Fizi","Malinde1","Voie publique","Baraka-Fizi centre","NRC","Feb-11","2/2/11",,"Securite des vehicules","cambriolage de voiture"
492,"Sud Kivu","Shabunda","Pale","Voie publique","Kisesu","UNOPS","Feb-11","2/2/11",,"Securite des vehicules","Detournement arme"
493,"Sud Kivu","Communes of Bukavu","Bukavu","Domicile","Nguba","UNDSS","Feb-11","2/6/11",,"Introduction dans une maison par effraction","Sans violence physique"
494,"Sud Kivu","Communes of Bukavu","Bukavu","Domicile","Ville","ICCO","Feb-11","2/21/11",,"Introduction dans une maison par effraction","Sans violence physique"
495,"Sud Kivu","Communes of Bukavu","Bukavu","Domicile","Bagira","CICR","Feb-11","2/23/11",,"Introduction dans une maison par effraction","Avec violence physique"
496,"Sud Kivu","Communes of Bukavu","Bukavu","Domicile","Av. 24 novembre","ECC MERU","Feb-11","2/24/11",,"Introduction dans une maison par effraction","Sans violence physique"
497,"Sud Kivu","Kabare","Miti","Voie publique","Bukavu-Kavumu","MONUSCO","Feb-11","2/26/11",,"Securite des vehicules","Detournement arme"
498,"Sud Kivu","Uvira","Kashatu","Voie publique","Marungu","CCAP","Feb-11","2/28/11",,"Securite des vehicules","cambriolage de voiture"
499,"Sud Kivu","Kalehe","Bunyakiri","Voie publique","Bukavu-Bunyakiri","UNOPS","Feb-11","3/14/11",,"Securite des vehicules","cambriolage de voiture"
500,"Sud Kivu","Fizi","Mukindja","Voie publique","Fizi centre - Baraka","Tearfund","Feb-11","3/16/11",,"Securite des vehicules","Detournement arme"
501,"Sud Kivu","Communes of Bukavu","Bukavu","Domicile","Nguba","UNDSS","Feb-11","3/23/11",,"Introduction dans une maison par effraction","Avec violence physique"
502,"Sud Kivu","Shabunda","Shabunda","Domicile","Shabunda centre","GIZ","Feb-11","4/4/11",,"Introduction dans une maison par effraction","Avec violence physique"
503,"Sud Kivu","Uvira","Katobo","Voie publique","Moyens Plateaux Katobo-Mianzi","MSF","Feb-11","4/10/11",,"Securite des vehicules","cambriolage de voiture"
504,"Sud Kivu","Walungu","Ngomo","Voie publique","Bukavu-Kamanyola","MSF","Feb-11","4/10/11",,"Securite des vehicules","cambriolage de voiture"
505,"Sud Kivu","Communes of Bukavu","Bukavu","Domicile","Ibanda","CICR","Feb-11","4/26/11",,"Introduction dans une maison par effraction","Avec violence physique"
506,"Sud Kivu","Communes of Bukavu","Bukavu","Voie publique","Ibanda","UNDSS","May-11","5/15/11",,"Vol de rue","Avec violence physique"
507,"Sud Kivu","Shabunda","Byangama","Voie publique","Byangama-Lumba","AVSI","May-11","5/17/11",,"Agression physique","Prise d'otage"
508,"Sud Kivu","Shabunda","Kigulube","Voie publique","Kigulube-Byangama","OXFAM","May-11","5/18/11",,"Securite des vehicules","Detournement arme"
509,"Sud Kivu","Fizi","Kabeya","Voie publique","Kabeya-Kilembwe","ADE","May-11","5/19/11",,"Securite des vehicules","Detournement arme"
510,"Sud Kivu","Fizi","forՎt 17","Voie publique","Fizi-Misisi","Hope In Action","May-11","5/20/11",,"Securite des vehicules","cambriolage de voiture"
511,"Sud Kivu","Fizi","Kalimbwe","Voie publique","Kilembwe","AMI","May-11","5/20/11",,"Securite des vehicules","Detournement arme"
512,"Sud Kivu","Communes of Bukavu","Bukavu","Domicile","Nyalukemba","UNDSS","May-11","5/23/11",,"Introduction dans une maison par effraction","Avec violence physique"
513,"Sud Kivu","Fizi","Kilembwe","Voie publique","Kilembwe","ADE","May-11","5/23/11",,"Securite des vehicules","Detournement arme"
514,"Sud Kivu","Communes of Bukavu","Bukavu","Bureau","Ndendere","CFIDH/D-SK","May-11","5/25/11",,"Securite des vehicules","Detournement arme"
515,"Sud Kivu","Uvira","Katobo","Voie publique","Katobo","UNDSS","May-11","5/26/11",,"Securite des vehicules","cambriolage de voiture"
516,"Sud Kivu","Uvira","Uvira","Bureau","Uvira centre","AMCAV","May-11","5/29/11",,"Securite des bureaux","Introduction dans un bureau par effraction"
517,"Sud Kivu","Mwenga","Tubimbi","Voie publique","Mwenga - Bukavu","CAMPS","Jun-11","6/12/11",,"Securite des vehicules","Detournement arme"
518,"Sud Kivu","Fizi","Lulimba","Voie publique","Lulimba-Mehembe","ARAL","Jun-11","6/20/11",,"Securite des vehicules","Detournement arme"
519,"Sud Kivu","Uvira","Itara","Voie publique","Itara-Ndolera","UGEAFI","Jun-11","6/29/11",,"Securite des vehicules","Detournement arme"
520,"Sud Kivu","Mwenga","Kilungutwe","Voie publique","Kilungutwe-Talama","UNDSS","Aug-11","8/7/11",,"Securite des vehicules","Detournement arme"
521,"Sud Kivu","Uvira","Uvira","Domicile","Kimanga","UNDSS","Aug-11","8/7/11",,"Introduction dans une maison par effraction","Avec violence physique"
522,"Sud Kivu","Uvira","Marungu","Voie publique","Moyens Plateaux d'Uvira","UNDSS","Aug-11","8/8/11",,"Securite des vehicules","Detournement arme"
523,"Sud Kivu","Uvira","Uvira","Domicile","Avenue du Lac"," Quartier Kavinvira","Aug-11","8/20/11",,"Introduction dans une maison par effraction","Introduction dans une maison par effraction"
524,"Sud Kivu","Uvira","Uvira","Domicile","Avenue du Lac"," Quartier Kavinvira","Aug-11","8/20/11",,"Introduction dans une maison par effraction","Introduction dans une maison par effraction"
525,"Sud Kivu","Uvira","Runingu","Voie publique","Runingu-Katobo","GIZ","Aug-11","8/26/11",,"Securite des vehicules","Detournement arme"
526,"Sud Kivu","Communes of Bukavu","Bukavu","Domicile","La botte","NRC","Aug-11","8/29/11",,"Introduction dans une maison par effraction","Tentative d'introduction par effraction"
527,"Sud Kivu","Communes of Bukavu","Bukavu","Domicile","Quartier Clinique","NRC","Aug-11","8/29/11",,"Introduction dans une maison par effraction","Tentative d'introduction par effraction"
528,"Sud Kivu","Uvira","Uvira","Bureau","Uvira centre","UNDSS","Aug-11","8/29/11",,"Securite des bureaux","Introduction dans un bureau par effraction"
529,"Sud Kivu",,,"Voie publique",,,"Aug-11","8/30/11",,"Securite des vehicules","Detournement arme"
530,"Sud Kivu","Communes of Bukavu","Bukavu","Domicile","Cercle Hyppique","NRC","Sep-11","9/1/11",,"Introduction dans une maison par effraction","Tentative d'introduction par effraction"
531,"Sud Kivu","Uvira","Kahololo","Voie publique","Moyens Plateaux d'Uvira","OXFAM","Sep-11","9/3/11",,"Securite des vehicules","Detournement arme"
532,"Sud Kivu","Uvira","Kahololo","Voie publique","Hauts Plateux d'Uvira","AMI","Sep-11","9/16/11",,"Securite des vehicules","Detournement arme"
533,"Sud Kivu","Communes of Bukavu","Bukavu","Domicile","Nguba","UNDSS","Sep-11","9/18/11",,"Autres incidents securitaires","Autres incidents securitaires"
534,"Sud Kivu","Uvira","Kahololo","Voie publique","Runingu-Marungu","MSF","Sep-11","9/24/11",,"Securite des vehicules","Detournement arme"
535,"Sud Kivu","Kabare","Musheshe","Voie publique","Bukavu-Kabare","UNDSS","Sep-11","9/29/11",,"Securite des vehicules","Detournement arme"
536,"Sud Kivu","Shabunda","Lulingu","Lieu public","Lulingu","RRMP","Sep-11","9/29/11",,"Autres incidents securitaires","Autres incidents securitaires"
537,"Sud Kivu","Fizi","Malinde1","Voie publique","Mukindje-Lukongo","EBENEZER","Oct-11","10/4/11",,"Agression physique","Meurtre"
538,"Sud Kivu","Shabunda","Kigulube","Voie publique","Kigulube","OCHA","Oct-11","10/4/11",,"Detention physique","Detention"
539,"Sud Kivu","Uvira","Lemera","Voie publique","Lemera","ACMEJ","Oct-11","10/4/11",,"Securite des vehicules","Detournement arme"
540,"Sud Kivu","Uvira","Uvira","Bureau","Uvira centre","UNDSS","Oct-11","10/16/11",,"Securite des bureaux","Introduction dans un bureau par effraction"
541,"Sud Kivu","Kalehe","Hombo","Voie publique","Hombo-Bunyakiri","AVSI","Oct-11","10/26/11",,"Securite des vehicules","Detournement arme"
542,"Sud Kivu","Kalehe","Kalehe","Voie publique","Kalehe centre - Bukavu","UNDSS","Nov-11","11/1/11",,"Securite des vehicules","Detournement arme"
543,"Sud Kivu","Fizi","Lulimba","Voie publique","Lulimba-Fizi","UNDSS","Nov-11","11/2/11",,"Securite des vehicules","cambriolage de voiture"
544,"Sud Kivu","Fizi","Sebele","Voie publique","Sebele-Kikonde","FED","Nov-11","11/2/11",,"Agression physique","Prise d'otage"
545,"Sud Kivu","Communes of Bukavu","Bukavu","Voie publique","Quartier Muhumba","UNDSS","Nov-11","11/5/11",,"Securite des vehicules","Detournement arme"
546,"Sud Kivu","Uvira","Rubanga","Voie publique","Lemera-Rubanga","AVREO","Nov-11","11/19/11",,"Securite des vehicules","Detournement arme"
547,"Sud Kivu","Communes of Bukavu","Bukavu","Voie publique","Av. Karhale","PAM","Dec-11","12/1/11",,"Vol de rue","Sans violence physique"
548,"Sud Kivu","Communes of Bukavu","Bukavu","Domicile","Bugabo","UNDSS","Dec-11","12/1/11",,"Introduction dans une maison par effraction","Avec violence physique"
549,"Sud Kivu","Communes of Bukavu","Bukavu","Bureau","Ibanda","UNDSS","Dec-11","12/16/11",,"Securite des bureaux","Introduction dans un bureau par effraction"
550,"Sud Kivu","Mwenga","Mikenge","Domicile","Mikenge","IRC","Dec-11","12/18/11",,"Securite des bureaux","Introduction dans un bureau par effraction"
551,"Sud Kivu","Uvira","Uvira","Domicile","Uvira centre","UNDSS","Dec-11","12/23/11",,"Introduction dans une maison par effraction","Tentative d'introduction par effraction"
552,"Sud Kivu","Uvira","Uvira","Domicile","Q. Nyamianda","PAM","Dec-11","12/23/11",,"Introduction dans une maison par effraction","Sans violence physique"
553,"Sud Kivu","Communes of Bukavu","Bukavu","Voie publique","Muhumba","UNDSS","Dec-11","12/28/11",,"Vol de rue","Avec violence physique"
