unique_id,province,territory,locality,place,source,month,date_incident,type_incident,num_missing,num_injured,num_deaths
1,Nord-Kivu,Lubero,Kimbulu,Voie publique,NRC,9-Jan,1/3/09,Requisition forcee,0,0,0
2,Nord-Kivu,Walikale,Ndjingala,Voie publique,NRC,9-Jan,1/9/09,Tracasseries,0,0,0
3,Nord-Kivu,Beni,Beni,Bureau,SC-UK,9-Jan,1/14/09,Agression armee ,0,0,0
4,Nord-Kivu,Rutshuru,Rwindi,Voie publique,MSF-B,9-Jan,1/19/09,Pillage,0,0,0
5,Nord-Kivu,Communes of Goma,Goma,Domicile,Solidaritթs,9-Jan,1/21/09,Cambriolage ,0,1,0
6,Nord-Kivu,Lubero,Butembo,Bureau,Oxfam-Quթbec,9-Feb,2/6/09,Agression armee ,0,1,0
7,Nord-Kivu,Lubero,Kanyabayonga,Inconnu,APETAMACO,9-Feb,2/8/09,Requisition forcee,0,0,0
8,Nord-Kivu,Communes of Goma,Goma,Domicile,PAM,9-Feb,2/14/09,Cambriolage ,0,0,0
9,Nord-Kivu,Masisi,Masisi,Voie publique,IRC,9-Feb,2/17/09,Agression armee ,0,0,0
10,Nord-Kivu,Walikale,Mubanda,Bureau,AAA,9-Feb,2/17/09,Pillage,0,0,0
11,Nord-Kivu,Masisi,,Voie publique,MSF-H,9-Feb,2/18/09,Agression armee ,0,0,0
12,Nord-Kivu,Masisi,Muhongozi,Voie publique,IRC,9-Feb,2/19/09,Pillage,0,0,0
13,Nord-Kivu,Rutshuru,JTN,Voie publique,Mercy Corps,9-Feb,2/19/09,Agression armee ,0,0,0
14,Nord-Kivu,Lubero,Lubero,Voie publique,Caritas Butembo,9-Feb,2/24/09,Tracasseries,0,0,0
15,Nord-Kivu,Rutshuru,Kalengera,Voie publique,MERLIN,9-Feb,2/26/09,Agression armee ,0,0,0
16,Nord-Kivu,Rutshuru,Tongo,Voie publique,MERLIN,9-Feb,2/26/09,Agression armee ,0,0,0
17,Nord-Kivu,Communes of Goma,Goma,,PU,9-Feb,2/27/09,Cambriolage ,0,0,0
18,Nord-Kivu,Masisi,,Inconnu,CICR,9-Feb,2/27/09,Agression armee ,0,0,0
19,Nord-Kivu,Masisi,,Voie publique,MERLIN,9-Feb,2/27/09,Pillage,0,0,0
20,Nord-Kivu,Masisi,Mushaki,Inconnu,AREPS,9-Feb,2/28/09,Agression armee ,0,1,0
21,Nord-Kivu,Masisi,Mweso,Vehicule,MSF-H,9-Mar,3/2/09,Agression armee ,0,0,0
22,Nord-Kivu,Communes of Goma,Goma,Inconnu,Heal Africa,9-Mar,3/5/09,Tracasseries,0,0,0
23,Nord-Kivu,Masisi,,Vehicule,Solidaritթs,9-Mar,3/5/09,Requisition forcee,0,0,0
24,Nord-Kivu,Rutshuru,Bambo,Vehicule,MSF-F,9-Mar,3/6/09,Agression armee ,0,0,0
25,Nord-Kivu,Masisi,Muhongozi,Voie publique,PAM,9-Mar,3/9/09,Tentative de vol / Pillage ,0,0,0
26,Nord-Kivu,Communes of Goma,Goma,Domicile,HCR,9-Mar,3/11/09,Agression armee ,0,0,0
27,Nord-Kivu,Communes of Goma,Goma,Domicile,UNDSS,9-Mar,3/13/09,Cambriolage ,0,0,0
28,Nord-Kivu,Masisi,Kirolirwe,Vehicule,IRC,9-Mar,3/18/09,Agression armee ,0,0,0
29,Nord-Kivu,Rutshuru,Kalengera,Vehicule,IRC,9-Mar,3/18/09,Agression armee ,0,0,0
30,Nord-Kivu,Rutshuru,Burai,Voie publique,IRC,9-Mar,3/31/09,Pillage,0,0,0
31,Nord-Kivu,Communes of Goma,Goma,Domicile,Air-Serv,9-Apr,4/2/09,Cambriolage ,0,0,0
32,Nord-Kivu,Beni,Beni,Bureau,OCHA Beni,9-Apr,4/3/09,Cambriolage ,0,0,0
33,Nord-Kivu,Rutshuru,Rubare,Voie publique,IRC,9-Apr,4/6/09,Agression armee ,0,0,0
34,Nord-Kivu,Rutshuru,Ngwenda,Voie publique,IRC,9-Apr,4/9/09,Agression armee ,0,0,0
35,Nord-Kivu,Communes of Goma,Goma,Domicile,UNDSS,9-Apr,4/13/09,Tentative de vol / Pillage ,0,0,0
36,Nord-Kivu,Masisi,Mubambiro,Voie publique,UNDSS,9-Apr,4/14/09,Requisition forcee,0,0,0
37,Nord-Kivu,Communes of Goma,Goma,Domicile,UNDSS,9-Apr,4/21/09,Cambriolage ,0,0,0
38,Nord-Kivu,Communes of Goma,Goma,Domicile,UNDSS,9-Apr,4/21/09,Tentative de vol / Pillage ,0,0,0
39,Nord-Kivu,Rutshuru,Kalengera,Vehicule,secours catholique,9-Apr,4/22/09,Agression armee ,0,0,0
40,Nord-Kivu,Rutshuru,Kiseguru,Voie publique,COOPI,9-Apr,4/29/09,Agression armee ,0,0,0
41,Nord-Kivu,Communes of Goma,Goma,Domicile,World Vision International,9-May,5/6/09,Tentative de vol / Pillage ,0,0,0
42,Nord-Kivu,Communes of Goma,Goma,Inconnu,Care International,9-May,5/10/09,Agression armee ,0,0,0
43,Nord-Kivu,Lubero,Mighobwe,Inconnu,OCHA,9-May,5/13/09,Requisition forcee,0,0,0
44,Nord-Kivu,Communes of Goma,Goma,Voie publique,OCHA,9-May,5/14/09,Agressions ,0,0,0
45,Nord-Kivu,Beni,Kamango,Voie publique,SOFEPADI / OCHA,9-May,5/15/09,Pillage,0,0,0
46,Nord-Kivu,Lubero,Kaseghe,Vehicule,OCHA / UNDSS,9-May,5/15/09,Requisition forcee,0,0,0
47,Nord-Kivu,Lubero,Mighobwe,Voie publique,Oxfam-GB / OCHA,9-May,5/17/09,Pillage,0,0,0
48,Nord-Kivu,Beni,Kasindi,Inconnu,OCHA,9-May,5/18/09,Requisition forcee,0,0,0
49,Nord-Kivu,Beni,Beni,Inconnu,OCHA,9-May,5/19/09,Pillage,0,0,0
50,Nord-Kivu,Communes of Goma,Goma,Domicile,UNDSS,9-May,5/23/09,Agression armee ,0,0,0
51,Nord-Kivu,Communes of Goma,Goma,Domicile,HCR,9-Jun,6/1/09,Tentative de vol / Pillage ,0,0,0
52,Nord-Kivu,Walikale,Malemo,Voie publique,PAM,9-Jun,6/2/09,Agression armee ,0,1,0
53,Nord-Kivu,Lubero,Luseke,Voie publique,OCHA,9-Jun,6/3/09,Pillage,0,0,0
54,Nord-Kivu,Masisi,Kirolirwe,Lieu public,SC-UK, IRC, ActionAid,9-Jun,6/5/09,Tracasseries,0,0,0
55,Nord-Kivu,Communes of Goma,Quartier les volcans,Bureau,Action Aid,9-Jun,6/7/09,Tentative de vol / Pillage ,0,0,0
56,Nord-Kivu,Lubero,,Lieu public,APETAMACO,9-Jun,6/9/09,Tracasseries,0,0,0
57,Nord-Kivu,Beni,Beni,Domicile,OCHA,9-Jun,6/12/09,Agression armee ,0,0,0
58,Nord-Kivu,Lubero,Timbo Timbo,Voie publique,OCHA,9-Jun,6/14/09,Tracasseries,0,0,0
59,Nord-Kivu,Lubero,Kayna,Inconnu,APETAMACO,9-Jun,6/17/09,Incendie,0,0,0
60,Nord-Kivu,Communes of Goma,Goma,,UNDSS,9-Jun,6/21/09,Cambriolage ,0,0,0
61,Nord-Kivu,Communes of Goma,Goma,,Solidaritթs,9-Jun,6/23/09,Tentative de vol / Pillage ,0,0,0
62,Nord-Kivu,Lubero,Kirumba,,OCHA,9-Jun,6/23/09,Pillage,0,0,0
63,Nord-Kivu,Masisi,Kirolirwe,,COOPI er IRC,9-Jun,6/23/09,Tracasseries,0,0,0
64,Nord-Kivu,Masisi,Kirolirwe,,IRC,9-Jun,6/24/09,Pillage,0,0,0
65,Nord-Kivu,Walikale,Nyasi,,OCHA,9-Jun,6/26/09,Agressions ,0,0,0
66,Nord-Kivu,Lubero,Lubero,,Oxfam-GB,9-Jun,6/30/09,Pillage,0,0,0
67,Nord-Kivu,Communes of Goma,Goma,Domicile,UNDSS,9-Jul,7/2/09,Cambriolage ,0,0,0
68,Nord-Kivu,Communes of Goma,Goma,,UNDSS,9-Jul,7/2/09,Cambriolage ,0,0,0
69,Nord-Kivu,Masisi,Kirotshe,Inconnu,VSF-Suisse,9-Jul,7/3/09,Tracasseries,0,0,0
70,Nord-Kivu,Communes of Goma,Goma,Domicile,UNDSS,9-Jul,7/8/09,Tentative de vol / Pillage ,0,0,0
71,Nord-Kivu,Masisi,Kitchanga,Inconnu,OCHA,9-Jul,7/9/09,Agressions ,0,1,0
72,Nord-Kivu,Masisi,Kitchanga,Inconnu,OCHA,9-Jul,7/9/09,Pillage,0,0,0
73,Nord-Kivu,Rutshuru,Kiwanja,Voie publique,IRC,9-Jul,7/10/09,Requisition forcee,0,0,0
74,Nord-Kivu,Communes of Goma,Goma,Lieu public,ARD,9-Jul,7/13/09,Tracasseries,0,0,0
75,Nord-Kivu,Masisi,Masisi,Inconnu,NRC,9-Jul,7/13/09,Tracasseries,0,0,0
76,Nord-Kivu,Rutshuru,Lusogha,Voie publique,WHH (ex AAA),9-Jul,7/13/09,Requisition forcee,0,0,0
77,Nord-Kivu,Rutshuru,Birundule,Inconnu,WHH (ex AAA),9-Jul,7/14/09,Requisition forcee,0,0,0
78,Nord-Kivu,Rutshuru,Musezero,Inconnu,OCHA,9-Jul,7/15/09,Meurtre / Assassinat ,0,0,1
79,Nord-Kivu,Rutshuru,Kiwanja,Domicile,MSF-F,9-Jul,7/20/09,Meurtre / Assassinat ,0,0,1
80,Nord-Kivu,Masisi,Kisuma,Inconnu,World Vision,9-Jul,7/21/09,Pillage,0,0,0
81,Nord-Kivu,Rutshuru,Mabenga,,MSF-F,9-Jul,7/23/09,Pillage,0,0,0
82,Nord-Kivu,Nyiragongo,Kibati,Voie publique,Helpage International,9-Jul,7/24/09,Tracasseries,0,0,0
83,Nord-Kivu,Masisi,Kalembe,Inconnu,MSF-H,9-Aug,8/4/09,Pillage,0,0,0
84,Nord-Kivu,Communes of Goma,Goma,Domicile,UNDSS,9-Aug,8/6/09,Agressions ,0,0,0
85,Nord-Kivu,Walikale,Walikale,Inconnu,OCHA,9-Aug,8/8/09,Tracasseries,0,0,0
86,Nord-Kivu,Communes of Goma,Goma,Domicile,UNDSS,9-Aug,8/16/09,Tentative de vol / Pillage ,0,0,0
87,Nord-Kivu,Communes of Goma,Goma,Domicile,UNDSS,9-Aug,8/23/09,Agression armee ,0,0,0
88,Nord-Kivu,Rutshuru,Kiwanja,Voie publique,CESVI,9-Aug,8/26/09,Tracasseries,0,0,0
89,Nord-Kivu,Lubero,Vurondo,Inconnu,MONUC,9-Sep,9/4/09,Agressions ,0,0,0
90,Nord-Kivu,Nyiragongo,Kibati,Voie publique,CESVI,9-Sep,9/5/09,Tracasseries,0,0,0
91,Nord-Kivu,Communes of Butembo,Butembo,Domicile,OCHA,9-Sep,9/6/09,Meurtre / Assassinat ,0,0,1
92,Nord-Kivu,Communes of Goma,Goma,Voie publique,UNDSS,9-Sep,9/8/09,Agressions ,0,0,0
93,Nord-Kivu,Communes of Goma,Quartier Himbi,Domicile,ECHO,9-Sep,9/13/09,Tentative de vol / Pillage ,0,0,0
94,Nord-Kivu,Masisi,Kaniro,Voie publique,CARE International,9-Sep,9/15/09,Requisition forcee,0,0,0
95,Nord-Kivu,Masisi,Mutiri,Voie publique,NCA,9-Sep,9/18/09,Agression armee ,0,0,0
96,Nord-Kivu,Walikale,Malemo,Voie publique,OIM,9-Sep,9/22/09,Agression armee ,0,1,0
97,Nord-Kivu,Lubero,Luofu,Voie publique,OCHA,9-Sep,9/26/09,Requisition forcee,0,0,0
98,Nord-Kivu,Communes of Goma,Quartier Mabanga Nord,Domicile,CESVI,9-Sep,9/28/09,Tentative de vol / Pillage ,0,1,0
99,Nord-Kivu,Lubero,Kanyabayonga,Lieu public,OCHA,9-Sep,9/30/09,Agressions ,0,0,0
100,Nord-Kivu,Rutshuru,Rutshuru,Lieu public,MSF-F,9-Oct,10/1/09,Agression armee ,0,1,0
101,Nord-Kivu,Rutshuru,Chengerero,Voie publique,Secours Catholique,9-Oct,10/7/09,Requisition forcee,0,0,0
102,Nord-Kivu,Masisi,Kisuma,Voie publique,SC-UK,9-Oct,10/8/09,Pillage,0,0,0
103,Nord-Kivu,Rutshuru,Kabirangiriro,Voie publique,AVSI,9-Oct,10/8/09,Pillage,0,0,0
104,Nord-Kivu,Rutshuru,Chengerero,Voie publique,Secours Catholique,9-Oct,10/9/09,Requisition forcee,0,0,0
105,Nord-Kivu,Communes of Goma,Quartier Kyeshero,Domicile,UNDSS,9-Oct,10/10/09,Tentative de vol / Pillage ,0,0,0
106,Nord-Kivu,Walikale,Malemo,Voie publique,Hope in Action,9-Oct,10/10/09,Agression armee ,0,0,0
107,Nord-Kivu,Masisi,Mweso,Domicile,Premiere Urgence,9-Oct,10/13/09,Cambriolage ,0,0,0
108,Nord-Kivu,Lubero,Hutwe,Voie publique,NRC,9-Oct,10/14/09,Pillage,0,0,0
109,Nord-Kivu,Masisi,Kisuma,Voie publique,ACF - USA,9-Oct,10/15/09,Agression armee ,0,0,0
110,Nord-Kivu,Masisi,Bukumbirire,Voie publique,OCHA,9-Oct,10/16/09,Requisition forcee,0,0,0
111,Nord-Kivu,Masisi,Kimoho,Lieu public,MONUC,9-Oct,10/18/09,Affrontements / Combats ,0,0,0
112,Nord-Kivu,Rutshuru,Nyanzale,Domicile,MSF-F,9-Oct,10/23/09,Cambriolage ,0,0,0
113,Nord-Kivu,Communes of Goma,Goma,Domicile,MSF-F,9-Oct,10/28/09,Agressions ,0,0,0
114,Nord-Kivu,Masisi,Biteete,Voie publique,SC-UK,9-Oct,10/28/09,Agression armee ,0,0,0
115,Nord-Kivu,Lubero,Lubero,Bureau,OCHA,9-Oct,10/31/09,Agressions ,0,1,0
116,Nord-Kivu,Masisi,Kisuma,Voie publique,MSF-B,9-Oct,10/31/09,Agression armee ,0,0,0
117,Nord-Kivu,Masisi,Kirolirwe,Voie publique,PAM,9-Nov,11/3/09,Pillage,0,0,0
118,Nord-Kivu,Rutshuru,Vitshumbi,Voie publique,SC-UK,9-Nov,11/5/09,Tracasseries,0,0,0
119,Nord-Kivu,Rutshuru,Nyanzale,Domicile,MONUC / MSF-F,9-Nov,11/7/09,Cambriolage ,0,0,0
120,Nord-Kivu,Communes of Goma,Quartier Kyeshero,Domicile,Premiere Urgence,9-Nov,11/11/09,Agression armee ,0,0,0
121,Nord-Kivu,Communes of Goma,Quartier Kyeshero,Domicile,Premiere Urgence,9-Nov,11/11/09,Agression armee ,0,0,0
122,Nord-Kivu,Rutshuru,Nyanzale,Domicile,MSF-F,9-Nov,11/16/09,Cambriolage ,0,0,0
123,Nord-Kivu,Rutshuru,Nyanzale,Domicile,MSF-F,9-Nov,11/16/09,Cambriolage ,0,0,0
124,Nord-Kivu,Communes of Goma,Quartier les volcans,Voie publique,CARE International,9-Nov,11/20/09,Pillage,0,0,0
125,Nord-Kivu,Masisi,Niacajanga,Voie publique,GEAD,9-Nov,11/21/09,Pillage,0,0,0
126,Nord-Kivu,Communes of Goma,Quartier Himbi,Bureau,UNDSS,9-Nov,11/23/09,Manifestation,0,0,0
127,Nord-Kivu,Communes of Goma,Quartier les volcans,Domicile,UNDSS,9-Nov,11/23/09,Tentative de vol / Pillage ,0,0,0
128,Nord-Kivu,Beni,Beni,Domicile,ADRA,9-Nov,11/27/09,Meurtre / Assassinat ,0,0,1
129,Nord-Kivu,Lubero,Kayna,Domicile,Solidaritթs,9-Nov,11/30/09,Cambriolage ,0,0,0
130,Nord-Kivu,Masisi,Kashuga,Voie publique,Solidaritթs,9-Nov,11/30/09,Pillage,0,0,0
131,Nord-Kivu,Communes of Goma,Goma,Voie publique,IMC,9-Dec,12/1/09,Agressions ,0,1,0
132,Nord-Kivu,Lubero,Kibua,Voie publique,PAM,9-Dec,12/2/09,Agressions ,0,8,0
133,Nord-Kivu,Masisi,Biteete,Voie publique,CICR,9-Dec,12/2/09,Pillage,0,0,0
134,Nord-Kivu,Rutshuru,Kiwanja,Lieu public,Solidaritթs,9-Dec,12/3/09,Pillage,0,0,0
135,Nord-Kivu,Communes of Goma,Quartier Katindo gauche,Voie publique,UNDSS,9-Dec,12/5/09,Tracasseries,0,1,0
136,Nord-Kivu,Masisi,Kitchanga,Domicile,MSF-H,9-Dec,12/12/09,Meurtre / Assassinat ,0,0,1
137,Nord-Kivu,Communes of Goma,Quartier Katindo droit,Voie publique,GTZ,9-Dec,12/17/09,Meurtre / Assassinat ,0,0,1
138,Nord-Kivu,Lubero,Alimbongo,Voie publique,GTZ,9-Dec,12/18/09,Pillage,0,0,0
139,Nord-Kivu,Lubero,Alimbongo,Voie publique,GTZ,9-Dec,12/18/09,Pillage,0,0,0
140,Nord-Kivu,Masisi,Kirolirwe,Voie publique,NRC,9-Dec,12/19/09,Tracasseries,0,0,0
141,Nord-Kivu,Walikale,Walikale,Domicile,Welthungerhilfe (ex AAA),9-Dec,12/23/09,Cambriolage ,0,0,0
142,Nord-Kivu,Communes of Goma,Quartier Mabanga Sud,Lieu public,SC-UK,9-Dec,12/24/09,Pillage,0,0,0
143,Nord-Kivu,Masisi,Matanda,Voie publique,MSF-B,9-Dec,12/24/09,Pillage,0,0,0
144,Nord-Kivu,Walikale,Mpofi,Voie publique,Welthungerhilfe (ex AAA),9-Dec,12/25/09,Agressions ,0,1,0
145,Nord-Kivu,Walikale,Walikale,Bureau,Welthungerhilfe,10-Jan,1/4/10,Pillage,0,0,0
146,Nord-Kivu,Masisi,Kitchanga,Domicile,HCR,10-Jan,1/6/10,Tentative de vol / Pillage ,0,0,0
147,Nord-Kivu,Rutshuru,Kinyandoni,Voie publique,SC-UK,10-Jan,1/11/10,Pillage,0,0,0
148,Nord-Kivu,Masisi,Masisi,Bureau,OCHA,10-Jan,1/12/10,Agressions ,0,0,0
149,Nord-Kivu,Masisi,Mema,Voie publique,MSF-B,10-Jan,1/12/10,Agressions ,0,0,0
150,Nord-Kivu,Rutshuru,Rukumizo,Voie publique,Secours catholique,10-Jan,1/14/10,Tracasseries,0,0,0
151,Nord-Kivu,Masisi,Kibarizo,Voie publique,IMC,10-Jan,1/15/10,Requisition forcee,0,0,0
152,Nord-Kivu,Masisi,Matanda,Voie publique,SC-UK,10-Jan,1/15/10,Pillage,0,0,0
153,Nord-Kivu,Masisi,Muhanga,Lieu public,HCR,10-Jan,1/15/10,Agressions ,0,0,0
154,Nord-Kivu,Lubero,Lubero,Voie publique,OCHA,10-Jan,1/19/10,Pillage,0,0,0
155,Nord-Kivu,Rutshuru,Nyabanira,Voie publique,UNDSS,10-Jan,1/19/10,Pillage,0,0,0
156,Nord-Kivu,Masisi,Rubaya,Voie publique,Armթe du Salut,10-Jan,1/21/10,Agressions ,0,0,0
157,Nord-Kivu,Masisi,Bweru,Voie publique,IMC,10-Jan,1/24/10,Requisition forcee,0,0,0
158,Nord-Kivu,Masisi,Osso,Voie publique,IMC,10-Jan,1/24/10,Pillage,0,0,0
159,Nord-Kivu,Rutshuru,Rugari,Voie publique,Secours catholique,10-Jan,1/25/10,Agressions ,0,0,0
160,Nord-Kivu,Masisi,Matanda,Voie publique,Handicap International,10-Jan,1/28/10,Tentative de vol / Pillage ,0,0,0
161,Nord-Kivu,Masisi,Mitumbala,Voie publique,MSF-B,10-Jan,1/28/10,Pillage,0,0,0
162,Nord-Kivu,Rutshuru,Ishasha,Voie publique,AVSI,10-Jan,1/29/10,Prise d'otage ,0,0,0
163,Nord-Kivu,Communes of Goma,Quartier Office I,Domicile,CESVI,10-Jan,1/30/10,Pillage,0,0,0
164,Nord-Kivu,Masisi,Kirotshe,Voie publique,HCR,10-Feb,2/1/10,Agressions ,0,0,0
165,Nord-Kivu,Masisi,Mpati,Voie publique,PU,10-Feb,2/6/10,Requisition forcee,0,0,0
166,Nord-Kivu,Beni,Beni,Bureau,EPVI,10-Feb,2/7/10,Pillage,0,0,0
167,Nord-Kivu,Communes of Goma,Quartier Katindo droit,Domicile,OCHA,10-Feb,2/7/10,Tentative de vol / Pillage ,0,0,0
168,Nord-Kivu,Masisi,Matanda,Voie publique,OCHA,10-Feb,2/11/10,Pillage,0,1,0
169,Nord-Kivu,Rutshuru,,Voie publique,MSF-F,10-Feb,2/15/10,Pillage,0,0,0
170,Nord-Kivu,Rutshuru,Nyabanira,Voie publique,MERLIN,10-Feb,2/15/10,Pillage,0,0,0
171,Nord-Kivu,Rutshuru,Nyabanira,Voie publique,CESVI,10-Feb,2/15/10,Pillage,0,0,0
172,Nord-Kivu,Communes of Goma,Quartier Kyeshero,Domicile,UNDSS,10-Feb,2/20/10,Tentative de vol / Pillage ,0,0,0
173,Nord-Kivu,Rutshuru,Nyanzale,Voie publique,Care International,10-Feb,2/23/10,Agressions ,0,0,0
174,Nord-Kivu,Beni,Lubiriya / Kasindi,Domicile,Oxfam-GB,10-Feb,2/24/10,Tentative de vol / Pillage ,0,0,0
175,Nord-Kivu,Communes of Goma,Quartier les volcans,Lieu public,AVSI,10-Mar,3/1/10,Tracasseries,0,0,0
176,Nord-Kivu,Beni,Beni,Domicile,Solidaritթs,10-Mar,3/6/10,Tentative de vol / Pillage ,0,0,0
177,Nord-Kivu,Walikale,Malemo,Voie publique,OIM,10-Mar,3/7/10,Agressions ,0,0,0
178,Nord-Kivu,Communes of Goma,Quartier les volcans,Domicile,WVI,10-Mar,3/8/10,Tentative de vol / Pillage ,0,0,0
179,Nord-Kivu,Masisi,Loashi,Voie publique,UNDSS,10-Mar,3/9/10,Pillage,0,0,0
180,Nord-Kivu,Communes of Goma,Quartier Kasiki,Domicile,UNDSS,10-Mar,3/11/10,Pillage,0,0,0
181,Nord-Kivu,Lubero,Kayna,Voie publique,APETAMACO,10-Mar,3/12/10,Pillage,0,0,0
182,Nord-Kivu,Rutshuru,Rutshuru,Voie publique,MERLIN,10-Mar,3/13/10,Pillage,0,0,0
183,Nord-Kivu,Communes of Goma,Goma,Domicile,MERLIN,10-Mar,3/15/10,Pillage,0,0,0
184,Nord-Kivu,Walikale,Kampala,Voie publique,OCHA,10-Mar,3/15/10,Agressions ,0,0,0
185,Nord-Kivu,Rutshuru,Kibirizi,Voie publique,UNDSS,10-Mar,3/18/10,Pillage,0,1,0
186,Nord-Kivu,Beni,Cantine,Lieu public,SOFEPADI,10-Mar,3/22/10,Pillage,0,0,0
187,Nord-Kivu,Masisi,Kitchanga,Domicile,MSF-H,10-Mar,3/22/10,Pillage,0,0,0
188,Nord-Kivu,Masisi,Kitchanga,Domicile,MSF-H,10-Mar,3/23/10,Pillage,0,0,0
189,Nord-Kivu,Communes of Goma,Goma,Domicile,ADR,10-Mar,3/24/10,Pillage,0,0,0
190,Nord-Kivu,Lubero,Lubero,Bureau,Oxfam - GB,10-Mar,3/25/10,Pillage,0,0,0
191,Nord-Kivu,Rutshuru,Kirima,Voie publique,MERLIN,10-Mar,3/26/10,Pillage,0,0,0
192,Nord-Kivu,Communes of Goma,Quartier Murara,Domicile,PAM,10-Mar,3/30/10,Tentative de vol / Pillage ,0,0,0
193,Nord-Kivu,Rutshuru,Kabindi,Voie publique,IRC,10-Apr,4/8/10,Agressions ,0,0,0
194,Nord-Kivu,Rutshuru,Nyabanira,Voie publique,UNDSS,10-Apr,4/9/10,Pillage,0,0,0
195,Nord-Kivu,Beni,Beni,Lieu public,OCHA Beni,10-Apr,4/14/10,Agressions ,0,1,0
196,Nord-Kivu,Communes of Goma,Quartier Kyeshero,Domicile,UNDSS - MSF-H,10-Apr,4/17/10,Tentative de vol / Pillage ,0,0,0
197,Nord-Kivu,Masisi,Kitchanga,Domicile,MSF-H,10-Apr,4/18/10,Pillage,0,0,0
198,Nord-Kivu,Communes of Goma,Quartier Kyeshero,Domicile,MSF-H,10-Apr,4/20/10,Tentative de vol / Pillage ,0,0,0
199,Nord-Kivu,Communes of Goma,Quartier Office I,Domicile,World Vision,10-Apr,4/25/10,Tentative de vol / Pillage ,0,0,0
200,Nord-Kivu,Lubero,Luhutu,Lieu public,CICR,10-Apr,4/28/10,Agressions ,0,0,0
201,Nord-Kivu,Lubero,Kirumba,Bureau,OCHA,10-May,5/2/10,Tentative de vol / Pillage ,0,0,0
202,Nord-Kivu,Communes of Goma,Quartier les volcans,Lieu public,COOPI,10-May,5/6/10,Pillage,0,0,0
203,Nord-Kivu,Rutshuru,Katwe,Domicile,MERLIN,10-May,5/8/10,Agressions ,0,0,0
204,Nord-Kivu,Masisi,Kitchanga,Voie publique,World Vision,10-May,5/9/10,Agressions ,0,0,0
205,Nord-Kivu,Masisi,Kitchanga,Bureau,SC-UK,10-May,5/13/10,Agressions ,0,0,0
206,Nord-Kivu,Rutshuru,Rutshuru,Bureau,SC-UK,10-May,5/17/10,Agressions ,0,0,0
207,Nord-Kivu,Communes of Goma,Quartier Nyabushongo,Domicile,NRC,10-May,5/22/10,Pillage,0,0,0
208,Nord-Kivu,Communes of Goma,Quartier les volcans,Domicile,UNDSS,10-May,5/27/10,Pillage,0,0,0
209,Nord-Kivu,Communes of Goma,Quartier Himbi,Domicile,UNDSS,10-May,5/31/10,Tentative de vol / Pillage ,0,0,0
210,Nord-Kivu,Lubero,Lubango,Lieu public,UNDSS,10-Jun,6/7/10,Pillage,0,0,0
211,Nord-Kivu,Walikale,Biruwe,Voie publique,OCHA,10-Jun,6/9/10,Tracasseries,0,0,0
212,Nord-Kivu,Masisi,Sake,Bureau,World Vision ,10-Jun,6/10/10,Cambriolage ,0,0,0
213,Nord-Kivu,Masisi,Kihusha,Voie publique,CICR,10-Jun,6/20/10,Pillage,0,0,0
214,Nord-Kivu,Rutshuru,Mabenga,Voie publique,UNDSS,10-Jun,6/25/10,Pillage,0,0,0
215,Nord-Kivu,Beni,Kalunguta,Domicile,OCHA,10-Jun,6/29/10,Meurtre / Assassinat ,0,0,1
216,Nord-Kivu,Rutshuru,Rwindi,Voie publique,OCHA,10-Jul,7/2/10,Requisition forcee,0,0,0
217,Nord-Kivu,Communes of Goma,Quartier Virunga,Domicile,UNDSS,10-Jul,7/6/10,Tentative de vol / Pillage ,0,0,0
218,Nord-Kivu,Masisi,Kitchanga,Voie publique,MSF-H,10-Jul,7/7/10,Agressions ,0,0,0
219,Nord-Kivu,Beni,Mayi Tatu,Voie publique,OCHA,10-Jul,7/12/10,Pillage,0,0,0
220,Nord-Kivu,Masisi,JTN,Voie publique,OCHA,10-Jul,7/14/10,Pillage,0,0,0
221,Nord-Kivu,Masisi,Burungu,Voie publique,AVSI,10-Jul,7/15/10,Agressions ,0,0,0
222,Nord-Kivu,Rutshuru,Kinyabundu,Voie publique,AVSI,10-Jul,7/15/10,Agressions ,0,0,0
223,Nord-Kivu,Communes of Goma,Quartier Himbi,Domicile,WVI,10-Jul,7/18/10,Tentative de vol / Pillage ,0,0,0
224,Nord-Kivu,Walikale,Mutakato,Voie publique,AVSI,10-Jul,7/21/10,Pillage,0,0,0
225,Nord-Kivu,Lubero,Katolo,Lieu public,MERLIN,10-Jul,7/22/10,Tentative de vol / Pillage ,0,0,0
226,Nord-Kivu,Beni,Beni,Bureau,NRC,10-Jul,7/26/10,Tentative de vol / Pillage ,0,0,0
227,Nord-Kivu,Walikale,Mindjendje,Voie publique,MSF-H,10-Jul,7/26/10,Pillage,0,0,0
228,Nord-Kivu,Communes of Goma,Quartier les volcans,Bureau,UNDSS,10-Jul,7/31/10,Pillage,0,0,0
229,Nord-Kivu,Lubero,Katondi,Voie publique,WHH (ex AAA),10-Aug,8/3/10,Pillage,0,0,0
230,Nord-Kivu,Communes of Goma,Quartier Katindo droit,Lieu public,UNICEF,10-Aug,8/5/10,Pillage,0,0,0
231,Nord-Kivu,Walikale,Kalonge,Voie publique,Caritas,10-Aug,8/5/10,Pillage,0,0,0
232,Nord-Kivu,Masisi,Nyamitaba,Voie publique,AVSI,10-Aug,8/7/10,Pillage,0,0,0
233,Nord-Kivu,Rutshuru,Katwe,Voie publique,Solidaritթs ,10-Aug,8/11/10,Pillage,0,0,0
234,Nord-Kivu,Communes of Goma,Quartier Virunga,Domicile,UNDSS,10-Aug,8/17/10,Tentative de vol / Pillage ,0,0,0
235,Nord-Kivu,Lubero,Lubero,Bureau,UNDSS,10-Aug,8/17/10,Cambriolage ,0,0,0
236,Nord-Kivu,Rutshuru,Kitwe,Voie publique,UNDSS,10-Aug,8/19/10,Agressions ,0,0,0
237,Nord-Kivu,Rutshuru,Luve,Voie publique,UNDSS,10-Sep,9/2/10,Agression armee ,0,2,0
238,Nord-Kivu,Walikale,Molema,Voie publique,Premiere Urgence,10-Sep,9/3/10,Pillage,0,0,0
239,Nord-Kivu,Rutshuru,Luve,Voie publique,MERLIN,10-Sep,9/7/10,Pillage,0,0,0
240,Nord-Kivu,Walikale,Walikale,Bureau,GRAADE,10-Sep,9/13/10,Cambriolage ,0,0,0
241,Nord-Kivu,Masisi,Kalembe,Voie publique,MSF-H,10-Sep,9/16/10,Pillage,0,0,0
242,Nord-Kivu,Masisi,Mweso,Voie publique,AVSI,10-Sep,9/17/10,Pillage,0,0,0
243,Nord-Kivu,Masisi,Kitchanga,Lieu public,AVSI,10-Sep,9/20/10,Pillage,0,0,0
244,Nord-Kivu,Rutshuru,Bambo,Lieu public,AVSI,10-Sep,9/20/10,Requisition forcee,0,0,0
245,Nord-Kivu,Beni,Beni,Voie publique,CICR,10-Sep,9/22/10,Agressions ,0,0,0
246,Nord-Kivu,Rutshuru,Kishishe,Voie publique,MSF-H,10-Sep,9/23/10,Pillage,0,1,0
247,Nord-Kivu,Walikale,Nkumbwa,Voie publique,IMC,10-Sep,9/23/10,Pillage,0,0,0
248,Nord-Kivu,Lubero,Bunyatenge,Voie publique,WHH,10-Sep,9/24/10,Agressions ,0,0,0
249,Nord-Kivu,Walikale,Kalonge,Voie publique,OCHA,10-Sep,9/30/10,Pillage,0,0,0
250,Nord-Kivu,Rutshuru,Kikuku,Voie publique,MSF-F,10-Oct,10/4/10,Pillage,0,0,0
251,Nord-Kivu,Communes of Goma,Quartier Katindo gauche,Domicile,Mercy Corps,10-Oct,10/7/10,Cambriolage ,0,0,0
252,Nord-Kivu,Communes of Goma,Quartier Mabanga Sud,Domicile,UNDSS,10-Oct,10/7/10,Cambriolage ,0,0,0
253,Nord-Kivu,Rutshuru,Luve,Voie publique,AVSI,10-Oct,10/14/10,Pillage,0,0,0
254,Nord-Kivu,Masisi,Carton,Voie publique,AVSI,10-Oct,10/19/10,Pillage,0,1,0
255,Nord-Kivu,Beni,Beni,Voie publique,PEAC,10-Oct,10/21/10,Meurtre / Assassinat ,0,0,1
256,Nord-Kivu,Walikale,Nkumbwa,Voie publique,ACF - USA,10-Oct,10/21/10,Agressions ,0,0,0
257,Nord-Kivu,Communes of Goma,Quartier Katindo gauche,Domicile,OCHA,10-Oct,10/24/10,Tentative de vol / Pillage ,0,0,0
258,Nord-Kivu,Rutshuru,Katwiguru,Voie publique,Heal Africa,10-Oct,10/25/10,Pillage,0,0,0
259,Nord-Kivu,Masisi,Rugebeshe,Voie publique,AVSI,10-Oct,10/28/10,Pillage,0,0,0
260,Nord-Kivu,Masisi,Karuba,Lieu public,Heppage International,10-Nov,11/5/10,Pillage,0,0,0
261,Nord-Kivu,Rutshuru,Kiwanja,Bureau,World Vision,10-Nov,11/11/10,Pillage,0,0,0
262,Nord-Kivu,Beni,Beni,Domicile,PAP-RDC,10-Nov,11/12/10,Tentative de vol / Pillage ,0,0,0
263,Nord-Kivu,Masisi,Kitchanga,Voie publique,Johanniter ,10-Nov,11/12/10,Pillage,0,0,0
264,Nord-Kivu,Masisi,Kabati,Lieu public,COOPI,10-Nov,11/15/10,Tracasseries,0,0,0
265,Nord-Kivu,Masisi,Nyakabingu,Voie publique,MSF-H,10-Nov,11/19/10,Pillage,0,0,0
266,Nord-Kivu,Masisi,Nyakabingu,Voie publique,Mercy Corps,10-Nov,11/19/10,Pillage,0,0,0
267,Nord-Kivu,Masisi,Ngandjo,Voie publique,World Vision International,10-Nov,11/25/10,Pillage,0,0,0
268,Nord-Kivu,Walikale,Ishunga,Voie publique,AVSI,10-Nov,11/29/10,Agression armee ,0,2,0
269,Nord-Kivu,Masisi,Nyakabingu,Voie publique,UNICEF,10-Dec,12/1/10,Pillage,0,0,0
270,Nord-Kivu,Lubero,Mbughavinwa,Voie publique,CEPROSSAN,10-Dec,12/7/10,Agressions ,0,0,0
271,Nord-Kivu,Rutshuru,Ruvumbura,Voie publique,AVSI,10-Dec,12/8/10,Agression armee ,0,0,0
272,Nord-Kivu,Walikale,Walikale,Lieu public,Solidaritթs,10-Dec,12/12/10,Agressions ,0,0,0
273,Nord-Kivu,Masisi,Masisi,Lieu public,WVI,10-Dec,12/17/10,Pillage,0,0,0
274,Nord-Kivu,Rutshuru,Kiwanja,Voie publique,MSF-F,10-Dec,12/17/10,Pillage,0,0,0
275,Nord-Kivu,Communes of Goma,Quartier Kyeshero,Domicile,Helpage International,10-Dec,12/21/10,,0,0,0
276,Nord-Kivu,Communes of Goma,Quartier les volcans,Domicile,OCHA,10-Dec,12/25/10,,0,0,0
277,Nord-Kivu,Communes of Goma,Quartier Kyeshero,Domicile,UNDSS,11-Jan,1/8/11,,0,0,0
278,Nord-Kivu,Communes of Goma,Quartier les volcans,Domicile,UNDSS,11-Jan,1/13/11,,0,0,0
279,Nord-Kivu,Rutshuru,Luve,Voie publique,UNDSS,11-Jan,1/17/11,,0,0,0
280,Nord-Kivu,Rutshuru,Katwiguru,Voie publique,CICR,11-Jan,1/19/11,,0,0,0
281,Nord-Kivu,Lubero,Timbo Timbo,Voie publique,WHH (ex AAA),11-Jan,1/20/11,,0,0,0
282,Nord-Kivu,Communes of Goma,Quartier Katindo gauche,Bureau,SAP,11-Jan,1/22/11,,0,0,0
283,Nord-Kivu,Rutshuru,Ngoholo,Voie publique,NRC,11-Jan,1/25/11,,0,0,0
284,Nord-Kivu,Rutshuru,Nyanzale,Voie publique,MSF-F,11-Jan,1/25/11,,0,0,0
285,Nord-Kivu,Rutshuru,Gombe,Voie publique,MERLIN,11-Jan,1/31/11,,0,0,0
286,Nord-Kivu,Communes of Goma,Quartier Kasiki,Domicile,UNDSS,11-Feb,2/5/11,,0,0,0
287,Nord-Kivu,Communes of Goma,Quartier les volcans,Domicile,UNDSS,11-Feb,2/11/11,,0,0,0
288,Nord-Kivu,Communes of Goma,Quartier Mapendo,Lieu public,Care International,11-Feb,2/14/11,,0,0,0
289,Nord-Kivu,Rutshuru,Kahunga,Voie publique,Care International,11-Feb,2/15/11,,0,1,0
290,Nord-Kivu,Rutshuru,Mabenga,Lieu public,WHH (ex AAA),11-Feb,2/16/11,,0,1,0
291,Nord-Kivu,Rutshuru,Nyanzale,Voie publique,JRS,11-Feb,2/16/11,,0,0,0
292,Nord-Kivu,Communes of Goma,Quartier Himbi,Domicile,UNDSS,11-Feb,2/18/11,,0,0,0
293,Nord-Kivu,Masisi,Kitchanga,Voie publique,SC-UK,11-Feb,2/23/11,,0,1,0
294,Nord-Kivu,Walikale,Mpofi,Voie publique,ACF-USA,11-Feb,2/23/11,,0,0,0
295,Nord-Kivu,Masisi,Misinga,Voie publique,MSF-F,11-Feb,2/25/11,,0,0,0
296,Nord-Kivu,Beni,Beni,Domicile,UNDSS,11-Feb,2/26/11,,0,0,0
297,Nord-Kivu,Rutshuru,Mutwangano,Voie publique,HCR / UNDSS,11-Mar,3/3/11,,0,0,0
298,Nord-Kivu,Walikale,Kumbwa,Voie publique,OCHA,11-Mar,3/12/11,,0,0,0
299,Nord-Kivu,Communes of Goma,Quartier les volcans,Lieu public,CICR,11-Mar,3/14/11,,0,0,0
300,Nord-Kivu,Lubero,Butembo,Bureau,SC-UK,11-Mar,3/15/11,,0,0,0
301,Nord-Kivu,Masisi,Kashuga,Voie publique,Mercy Corps,11-Mar,3/16/11,,0,0,0
302,Nord-Kivu,Masisi,Kitchanga,Voie publique,OCHA,11-Mar,3/23/11,,0,0,0
303,Nord-Kivu,Beni,Beni,Domicile,NRC,11-Mar,3/27/11,,0,0,0
304,Nord-Kivu,Communes of Goma,Quartier Kyeshero,Voie publique,NRC,11-Mar,3/28/11,,0,1,0
305,Nord-Kivu,Rutshuru,Luve,Voie publique,GIZ,11-Mar,3/29/11,,0,0,0
306,Nord-Kivu,Rutshuru,Rutshuru,Voie publique,WOA,11-Mar,3/31/11,,0,0,0
307,Nord-Kivu,Masisi,Kalengera ,Voie publique,OCHA,11-Apr,4/1/11,,0,0,0
308,Nord-Kivu,Masisi,Carton,Voie publique,MSF-H,11-Apr,4/5/11,,0,0,0
309,Nord-Kivu,Masisi,Tebero,Voie publique,NRC,11-Apr,4/5/11,,0,0,0
310,Nord-Kivu,Masisi,JTN,Voie publique,Mercy Corps,11-Apr,4/12/11,,0,0,0
311,Nord-Kivu,Masisi,Kabati,Voie publique,SFCG,11-Apr,4/26/11,,0,0,0
312,Nord-Kivu,Masisi,Kirolirwe,Voie publique,OCHA,11-Apr,4/29/11,,0,0,0
313,Nord-Kivu,Masisi,Kitchanga,Domicile,HCR,11-Apr,4/29/11,,0,1,0
314,Nord-Kivu,Lubero,Alimbongo,Voie publique,Soldiratitթs,11-May,5/2/11,,0,1,0
315,Nord-Kivu,Communes of Goma,Quartier les volcans,Lieu public,UNDSS,11-May,5/4/11,,0,0,0
316,Nord-Kivu,Communes of Goma,Quartier Himbi,Domicile,OCHA,11-May,5/8/11,,0,0,0
317,Nord-Kivu,Masisi,Masisi,Bureau,NCA,11-May,5/15/11,,0,0,0
318,Nord-Kivu,Lubero,Kirumba,Bureau,OCHA,11-May,5/16/11,,0,0,0
319,Nord-Kivu,Communes of Goma,Quartier les volcans,Voie publique,SC-UK,11-May,5/18/11,,0,0,0
320,Nord-Kivu,Masisi,Kitchanga,Voie publique,OCHA,11-May,5/24/11,,0,0,0
321,Nord-Kivu,Masisi,Kitchanga,Voie publique,OCHA,11-May,5/24/11,,0,0,0
322,Nord-Kivu,Rutshuru,Mutwangano,Voie publique,Mercy Corps,11-May,5/26/11,,0,0,0
323,Nord-Kivu,Walikale,Walikale,Bureau,OIM,11-May,5/29/11,,0,0,0
324,Nord-Kivu,Rutshuru,Luve,Voie publique,GIZ,11-May,5/31/11,,0,0,0
325,Nord-Kivu,Walikale,Walikale,Domicile,ACF-USA,11-Jun,6/5/11,,0,0,0
326,Nord-Kivu,Rutshuru,Kalengera,Voie publique,UNDSS,11-Jun,6/7/11,,0,0,0
327,Nord-Kivu,Rutshuru,Kalengera,Voie publique,IEDA Relief,11-Jun,6/7/11,,0,0,0
328,Nord-Kivu,Masisi,JTN,Voie publique,NRC,11-Jun,6/14/11,,0,0,0
329,Nord-Kivu,Communes of Goma,Quartier les volcans,Lieu public,UNDSS / MERLIN,11-Jun,6/15/11,,0,1,0
330,Nord-Kivu,Communes of Goma,Quartier Katindo droit,Voie publique,UNDSS,11-Jun,6/18/11,,0,0,0
331,Nord-Kivu,Rutshuru,Rwindi,Voie publique,MERLIN,11-Jun,6/22/11,,0,0,0
332,Nord-Kivu,Communes of Goma,Quartier Katindo gauche,Voie publique,HCR,11-Jun,6/23/11,,0,0,0
333,Nord-Kivu,Rutshuru,Bambu,Voie publique,Tearfund,11-Jun,6/23/11,,0,0,0
334,Nord-Kivu,Rutshuru,Sisa,Voie publique,AVSI,11-Jul,7/7/11,,0,0,0
335,Nord-Kivu,Rutshuru,Rugarama,Voie publique,OCHA,11-Jul,7/12/11,,0,0,0
336,Nord-Kivu,Communes of Goma,Quartier les volcans,Domicile,CARE International,11-Jul,7/17/11,,0,0,0
337,Nord-Kivu,Walikale,Walikale,Bureau,AAI,11-Jul,7/25/11,,0,1,0
338,Nord-Kivu,Rutshuru,Katsiru,Vehicule,Mercy Corps,11-Jul,7/26/11,,0,0,0
339,Nord-Kivu,Rutshuru,Sisa,Voie publique,HCR,11-Jul,7/29/11,,0,1,0
340,Nord-Kivu,Communes of Goma,Goma,Lieu public,UNDSS,11-Jul,7/30/11,,0,0,0
341,Nord-Kivu,Communes of Goma,Quartier Mabanga Nord,Domicile,AVSI,11-Aug,8/1/11,,0,0,0
342,Nord-Kivu,Beni,Beni,Domicile,UNDSS,11-Aug,8/3/11,,0,0,0
343,Nord-Kivu,Rutshuru,Luve,Voie publique,NRC,11-Aug,8/3/11,,0,0,0
344,Nord-Kivu,Walikale,Walikale,Domicile,ACF-USA,11-Aug,8/9/11,,0,0,0
345,Nord-Kivu,Beni,Beni,Domicile,NRC,11-Aug,8/12/11,,0,0,0
346,Nord-Kivu,Beni,Beni,Domicile,NRC,11-Aug,8/13/11,,0,0,0
347,Nord-Kivu,Beni,Beni,Domicile,NRC,11-Aug,8/14/11,,0,0,0
348,Nord-Kivu,Communes of Goma,Quartier Mapendo,Lieu public,MERRLIN,11-Aug,8/17/11,,0,0,0
349,Nord-Kivu,Communes of Goma,Quartier Mabanga Nord,Domicile,SC-UK,11-Aug,8/19/11,,0,0,0
350,Nord-Kivu,Masisi,Sake,Lieu public,FONHAD,11-Aug,8/25/11,,0,0,0
351,Nord-Kivu,Masisi,Kitchanga,Domicile,Heal Africa,11-Aug,8/26/11,,0,0,0
352,Nord-Kivu,Communes of Goma,Quartier Virunga,Domicile,UNDSS,11-Sep,9/4/11,,0,0,0
353,Nord-Kivu,Communes of Goma,Quartier Katindo droit,Voie publique,IRC,11-Sep,9/6/11,,0,0,0
354,Nord-Kivu,Walikale,Kigoma,Voie publique,GRACE,11-Sep,9/9/11,,0,0,0
355,Nord-Kivu,Communes of Goma,Quartier Himbi,Voie publique,Heal Africa,11-Sep,9/10/11,,0,0,0
356,Nord-Kivu,Lubero,Kaseghe,Voie publique,WHH,11-Sep,9/10/11,,0,0,0
357,Nord-Kivu,Lubero,Masereka,Voie publique,Handicap International,11-Sep,9/20/11,,0,0,0
358,Nord-Kivu,Communes of Goma,Goma,Domicile,AAI,11-Sep,9/22/11,,0,0,0
359,Nord-Kivu,Communes of Goma,Goma,Voie publique,Heal Africa,11-Sep,9/26/11,,0,0,0
360,Nord-Kivu,Masisi,Kitchanga,Voie publique,OCHA,11-Sep,9/29/11,,0,0,0
361,Nord-Kivu,Masisi,Kitchanga,Voie publique,OCHA,11-Sep,9/29/11,,0,0,0
362,Nord-Kivu,Walikale,Walikale,Bureau,IMC,11-Oct,10/1/11,,0,0,0
363,Nord-Kivu,Masisi,Kitchanga,Bureau,HCR,11-Oct,10/3/11,,0,0,0
364,Nord-Kivu,Masisi,Kisima,Voie publique,HCR,11-Oct,10/11/11,,0,0,0
365,Nord-Kivu,Masisi,Kaandja,Voie publique,NRC,11-Oct,10/12/11,,0,0,0
366,Nord-Kivu,Walikale,Walikale,Domicile,Heal Africa,11-Oct,10/12/11,,0,0,0
367,Nord-Kivu,Masisi,Masisi,Voie publique,NRC,11-Oct,10/15/11,,0,0,0
368,Nord-Kivu,Walikale,Pinga,Lieu public,IEDA,11-Oct,10/15/11,,0,0,0
369,Nord-Kivu,Communes of Goma,Quartier Mabanga Nord,Voie publique,OCHA,11-Oct,10/18/11,,0,0,0
370,Nord-Kivu,Rutshuru,Burai,Voie publique,Merlin,11-Oct,10/26/11,,0,0,0
371,Nord-Kivu,Masisi,Kaandja,Voie publique,GRAADE,11-Nov,11/1/11,,2,0,0
372,Nord-Kivu,Rutshuru,Kanyangwazi,Voie publique,AAI,11-Nov,11/1/11,,1,0,0
373,Nord-Kivu,Walikale,Kashebere,Bureau,GRAADE,11-Nov,11/2/11,,0,0,0
374,Nord-Kivu,Communes of Goma,Quartier Himbi,Domicile,UNDSS,11-Nov,11/4/11,,0,0,0
375,Nord-Kivu,Rutshuru,Kibirizi,Voie publique,Mercy Corps,11-Nov,11/8/11,,0,0,0
376,Nord-Kivu,Communes of Goma,Quartier Virunga,Domicile,UNDSS,11-Nov,11/11/11,,0,0,0
377,Nord-Kivu,Masisi,Masisi,Domicile,MSF-B,11-Nov,11/21/11,,0,1,0
378,Nord-Kivu,Rutshuru,Luve,Voie publique,MSF-F,11-Nov,11/23/11,,0,0,0
379,Nord-Kivu,Communes of Goma,Quartier Office I,Voie publique,UNDSS,11-Nov,11/30/11,,0,1,0
380,Nord-Kivu,Rutshuru,Rutshuru,Bureau,Rթseau BIFERD,11-Nov,11/30/11,,0,0,0
381,Nord-Kivu,Walikale,Walikale,Bureau,IEDA Relief,11-Dec,12/7/11,,0,0,0
382,Nord-Kivu,Masisi,Kashuga,Voie publique,MSF-H,11-Dec,12/8/11,,0,0,0
383,Nord-Kivu,Masisi,Mweso,Domicile,MSF-H,11-Dec,12/8/11,,0,0,0
384,Nord-Kivu,Communes of Goma,Quartier Mabanga Sud,Domicile,Heal Africa,11-Dec,12/16/11,,0,0,0
385,Sud-Kivu,Uvira,Uvira,Voie publique,ACTED,9-Jan,1/6/09,Embuscade,0,0,0
386,Sud-Kivu,Fizi,Kazimia,Voie publique,WWI,9-Jan,1/24/09,Embuscade,0,0,0
387,Sud-Kivu,Uvira,Uvira,Lieu public,JRS,9-Feb,2/2/09,Prise d'otage ,0,0,0
388,Sud-Kivu,Communes of Bukavu,Bukavu,Domicile,UNDSS,9-Feb,2/3/09,Cambriolage ,0,0,0
389,Sud-Kivu,Fizi,Lulimba,Voie publique,WCC,9-Apr,4/22/09,Embuscade,0,2,0
390,Sud-Kivu,Communes of Bukavu,Bukavu,Domicile,UNDSS,9-May,5/2/09,Tentative de vol / Pillage ,0,0,0
391,Sud-Kivu,Communes of Bukavu,Bukavu,Domicile,UNDSS,9-May,5/3/09,Tentative de vol / Pillage ,0,0,0
392,Sud-Kivu,Kalehe,Minova,Voie publique,IRC,9-May,5/5/09,Embuscade,0,0,0
393,Sud-Kivu,Kalehe,Numbi,Voie publique,UNDSS,9-May,5/5/09,Embuscade,0,0,0
394,Sud-Kivu,Kalehe,Numbi,Voie publique,MONUC,9-May,5/6/09,Embuscade,0,0,0
395,Sud-Kivu,Walungu,Walungu,Voie publique,IRC,9-May,5/6/09,Embuscade,0,1,0
396,Sud-Kivu,Communes of Bukavu,Bukavu,Domicile,UNDSS,9-May,5/10/09,Agressions ,0,0,0
397,Sud-Kivu,Kabare,Miti,Voie publique,SC,9-May,5/22/09,Embuscade,0,8,0
398,Sud-Kivu,Kalehe,Bulagiza,Voie publique,BCZ,9-May,5/25/09,Embuscade,0,0,0
399,Sud-Kivu,Communes of Bukavu,Bukavu,Voie publique,JRS,9-Jul,7/1/09,Tentative de vol / Pillage ,1,0,0
400,Sud-Kivu,Communes of Bukavu,Bukavu,Lieu public,WC,9-Jul,7/3/09,Tentative de vol / Pillage ,0,0,0
401,Sud-Kivu,Shabunda,Kigulube,Lieu public,UNDSS,9-Sep,9/2/09,Embuscade,0,0,0
402,Sud-Kivu,Shabunda,Kigulube,Lieu public,UNDSS,9-Sep,9/2/09,Embuscade,0,0,0
403,Sud-Kivu,Communes of Bukavu,Bukavu,Domicile,UNDSS,9-Sep,9/22/09,Tentative de vol / Pillage ,0,0,0
404,Sud-Kivu,Communes of Bukavu,Bukavu,Lieu public,UNDSS,9-Sep,9/24/09,Tentative de vol / Pillage ,0,0,0
405,Sud-Kivu,Communes of Bukavu,Bukavu,Lieu public,UNDSS,9-Sep,9/30/09,Tentative de vol / Pillage ,0,0,0
406,Sud-Kivu,Fizi,Iseke,Voie publique,UNDSS,9-Sep,9/30/09,Meurtre / Assassinat ,0,0,1
407,Sud-Kivu,Fizi,Fizi,Voie publique,IMC,9-Oct,10/1/09,Prise d'otage ,0,0,0
408,Sud-Kivu,Communes of Bukavu,Bukavu,Voie publique,UNDSS,9-Oct,10/26/09,Agressions ,0,0,0
409,Sud-Kivu,Fizi,Lyungu,Voie publique,WC C,9-Nov,11/16/09,Pillage,0,0,0
410,Sud-Kivu,Kalehe,Bunyakiri,Voie publique,COOPI,9-Nov,11/17/09,Manifestation,0,1,0
411,Sud-Kivu,Shabunda,Kalole,Lieu public,UNDSS,9-Dec,12/2/09,Incendie,0,0,0
412,Sud-Kivu,Shabunda,Shabunda,Bureau,UNDSS,9-Dec,12/2/09,Manifestation,0,0,0
413,Sud-Kivu,Communes of Bukavu,Bukavu,Voie publique,UNDSS,9-Dec,12/5/09,Tentative de vol / Pillage ,0,0,0
414,Sud-Kivu,Shabunda,Kalole,Lieu public,UNDSS,9-Dec,12/5/09,Prise d'otage ,0,0,0
415,Sud-Kivu,Uvira,Lemera,Voie publique,UNDSS,9-Dec,12/16/09,Embuscade,0,0,0
416,Sud-Kivu,Communes of Bukavu,Bukavu,Voie publique,UNDSS,9-Dec,12/23/09,Tentative de vol / Pillage ,0,0,0
417,Sud-Kivu,Fizi,Buma,Voie publique,ADRA,10-Jan,1/11/10,Agression armee ,0,0,0
418,Sud-Kivu,Fizi,Kalingi,Voie publique,ACTED,10-Jan,1/20/10,Embuscade,0,0,0
419,Sud-Kivu,Fizi,Kalingi,Voie publique,OXFAM-GB,10-Jan,1/20/10,Embuscade,0,0,0
420,Sud-Kivu,Communes of Bukavu,Bukavu,Domicile,UNDSS,10-Feb,2/13/10,Tentative de vol / Pillage ,0,0,0
421,Sud-Kivu,Communes of Bukavu,Bukavu,Domicile,UNDSS,10-Feb,2/14/10,Agressions ,0,0,0
422,Sud-Kivu,Shabunda,Matili,Voie publique,A.A.P,10-Feb,2/14/10,Tracasseries,0,0,0
423,Sud-Kivu,Uvira,Uvira,Domicile,UNDSS,10-Feb,2/14/10,Cambriolage ,0,0,0
424,Sud-Kivu,Shabunda,Matili,Voie publique,A.A.P,10-Feb,2/16/10,Tracasseries,0,0,0
425,Sud-Kivu,Shabunda,Kigulube,Voie publique,OIM,10-Feb,2/21/10,Embuscade,0,0,0
426,Sud-Kivu,Uvira,Uvira,Bureau,SFCG,10-Feb,2/23/10,Cambriolage ,0,0,0
427,Sud-Kivu,Fizi,Malinde1,Voie publique,IMC,10-Feb,2/25/10,Embuscade,0,0,0
428,Sud-Kivu,Fizi,Kilembwe,Voie publique,IRC,10-Feb,2/26/10,Embuscade,0,0,0
429,Sud-Kivu,Fizi,Lulimba,Voie publique,GTZ,10-Feb,2/28/10,Embuscade,0,0,0
430,Sud-Kivu,Fizi,Baraka,Bureau,Tearfund,10-Mar,3/1/10,Cambriolage ,0,0,0
431,Sud-Kivu,Fizi,Simbi,Voie publique,AMI,10-Mar,3/3/10,Exactions,0,0,0
432,Sud-Kivu,Fizi,Baraka,Voie publique,ADRA,10-Mar,3/4/10,Agressions ,0,0,0
433,Sud-Kivu,Fizi,Fizi,Voie publique,UNOPS,10-Mar,3/4/10,Requisition forcee,0,0,0
434,Sud-Kivu,Communes of Bukavu,Bukavu,Bureau,ADSSE,10-Mar,3/12/10,Tentative de vol / Pillage ,0,0,0
435,Sud-Kivu,Shabunda,Shabunda,Bureau,PLD,10-Mar,3/12/10,Agressions ,0,0,0
436,Sud-Kivu,Mwenga,Kasika,Voie publique,ECC MERU,10-Mar,3/20/10,Embuscade,0,2,0
437,Sud-Kivu,Fizi,Kilembwe,Voie publique,AMI,10-Mar,3/24/10,Embuscade,0,0,0
438,Sud-Kivu,Fizi,Baraka,Bureau,MSF-H,10-Apr,4/2/10,Tentative de vol / Pillage ,0,0,0
439,Sud-Kivu,Fizi,Kananda,Voie publique,CICR,10-Apr,4/9/10,Prise d'otage ,0,0,0
440,Sud-Kivu,Fizi,Fizi,Bureau,UNOPS,10-Apr,4/13/10,Pillage,0,0,0
441,Sud-Kivu,Fizi,Swima,Voie publique,ADRA,10-Apr,4/16/10,Embuscade,0,0,0
442,Sud-Kivu,Communes of Bukavu,Bukavu,Domicile,UNDSS,10-Apr,4/18/10,Tentative de vol / Pillage ,0,0,0
443,Sud-Kivu,Fizi,Kalongwe,Bureau,Tearfund,10-Apr,4/21/10,Cambriolage ,0,0,0
444,Sud-Kivu,Fizi,Simbi,Voie publique,Tearfund,10-Apr,4/26/10,Embuscade,0,0,0
445,Sud-Kivu,Fizi,Baraka,Bureau,MSF-H,10-May,5/1/10,Tentative de vol / Pillage ,0,0,0
446,Sud-Kivu,Fizi,Katanga,Voie publique,Tearfund,10-May,5/6/10,Requisition forcee,0,0,0
447,Sud-Kivu,Fizi,Fizi,Inconnu,ARAL,10-May,5/9/10,Agressions ,0,0,0
448,Sud-Kivu,Fizi,Katanga,Voie publique,Tearfund,10-May,5/13/10,Requisition forcee,0,0,0
449,Sud-Kivu,Fizi,Ecibe,Voie publique,ADRA,10-May,5/25/10,Embuscade,0,0,0
450,Sud-Kivu,Fizi,Kananda,Voie publique,ADRA,10-May,5/31/10,Requisition forcee,0,0,0
451,Sud-Kivu,Fizi,Mukindja,Voie publique,AVSI,10-Jun,6/3/10,Embuscade,0,0,0
452,Sud-Kivu,Shabunda,Shabunda,Bureau,AAP,10-Jun,6/3/10,Agressions ,0,0,0
453,Sud-Kivu,Communes of Bukavu,Bukavu,Domicile,AMT-IPRO,10-Jun,6/7/10,Agressions ,0,1,0
454,Sud-Kivu,Communes of Bukavu,Bukavu,Domicile,UNDSS,10-Jun,6/11/10,Tentative de vol / Pillage ,0,0,0
455,Sud-Kivu,Shabunda,Mungembe,Voie publique,AAP,10-Jun,6/12/10,Requisition forcee,0,0,0
456,Sud-Kivu,Communes of Bukavu,Bukavu,Domicile,UNDSS,10-Jun,6/19/10,Tentative de vol / Pillage ,0,0,0
457,Sud-Kivu,Uvira,Uvira,Bureau,Tearfund,10-Jun,6/23/10,Tentative de vol / Pillage ,0,0,0
458,Sud-Kivu,Communes of Bukavu,Bukavu,Domicile,UNDSS,10-Jul,7/2/10,Tentative de vol / Pillage ,0,0,0
459,Sud-Kivu,Shabunda,Shabunda,Bureau,GTZ,10-Jul,7/27/10,Agressions ,0,0,0
460,Sud-Kivu,Fizi,Kilicha,Voie publique,IMC,10-Aug,8/11/10,Embuscade,0,0,0
461,Sud-Kivu,Communes of Bukavu,Bukavu,Domicile,UNDSS,10-Aug,8/31/10,Tentative de vol / Pillage ,0,0,0
462,Sud-Kivu,Fizi,Kalimbwe,Voie publique,AMI,10-Aug,8/31/10,Embuscade,0,0,0
463,Sud-Kivu,Uvira,Kashatu,Voie publique,IRC,10-Sep,9/2/10,Embuscade,0,0,0
464,Sud-Kivu,Communes of Bukavu,Bukavu,Domicile,UNDSS,10-Sep,9/11/10,Tentative de vol / Pillage ,0,0,0
465,Sud-Kivu,Communes of Bukavu,Bukavu,Bureau,UNDSS,10-Sep,9/28/10,Tentative de vol / Pillage ,0,0,0
466,Sud-Kivu,Communes of Bukavu,Bukavu,Voie publique,UNDSS,10-Oct,10/1/10,Agressions ,0,0,0
467,Sud-Kivu,Communes of Bukavu,Bukavu,Domicile,UNDSS,10-Oct,10/2/10,Tentative de vol / Pillage ,0,0,0
468,Sud-Kivu,Communes of Bukavu,Bukavu,Domicile,UNDSS,10-Oct,10/9/10,Tentative de vol / Pillage ,0,0,0
469,Sud-Kivu,Communes of Bukavu,Bukavu,Voie publique,UNDSS,10-Nov,11/3/10,Cambriolage ,0,0,0
470,Sud-Kivu,Fizi,Kashogo,Voie publique,UGEAFI,10-Nov,11/4/10,Embuscade,0,0,0
471,Sud-Kivu,Uvira,Kirumba,Voie publique,Hope in Action,10-Nov,11/4/10,Tracasseries,0,0,0
472,Sud-Kivu,Uvira,Sange,Voie publique,IRC,10-Nov,11/11/10,Prise d'otage ,0,0,0
473,Sud-Kivu,Communes of Bukavu,Bukavu,Domicile,UNDSS,10-Nov,11/22/10,Tentative de vol / Pillage ,0,0,0
474,Sud-Kivu,Communes of Bukavu,Bukavu,Voie publique,UNDSS,10-Nov,11/26/10,Agressions ,0,0,0
475,Sud-Kivu,Communes of Bukavu,Bukavu,Domicile,UNDSS,10-Dec,12/8/10,Tentative de vol / Pillage ,0,0,0
476,Sud-Kivu,Fizi,Lulimba,Voie publique,PRIMAR,10-Dec,12/11/10,Prise d'otage ,0,0,1
477,Sud-Kivu,Shabunda,Shabunda,Bureau,AVSI,10-Dec,12/11/10,Cambriolage ,0,0,0
478,Sud-Kivu,Shabunda,Shabunda,Bureau,AVSI,10-Dec,12/12/10,Cambriolage ,0,0,0
479,Sud-Kivu,Shabunda,Shabunda,Bureau,AVSI,10-Dec,12/12/10,Cambriolage ,0,0,0
480,Sud-Kivu,Fizi,Kikonde,Voie publique,ADRA,10-Dec,12/13/10,Embuscade,0,0,0
481,Sud-Kivu,Fizi,Lweba,Voie publique,ACTED,10-Dec,12/13/10,Agressions ,0,0,0
482,Sud-Kivu,Shabunda,Shabunda,Bureau,AVSI,10-Dec,12/13/10,Cambriolage ,0,0,0
483,Sud-Kivu,Communes of Bukavu,Bukavu,Domicile,UNDSS,10-Dec,12/25/10,Tentative de vol / Pillage ,0,0,0
484,Sud-Kivu,Communes of Bukavu,Bukavu,Voie publique,UNDSS,10-Dec,12/25/10,Agressions ,0,0,0
485,Sud-Kivu,Shabunda,Shabunda,Bureau,OCHA Shabunda,11-Jan,1/3/11,,0,0,0
486,Sud-Kivu,Shabunda,Shabunda,Bureau,OCHA Shabunda,11-Jan,1/4/11,,0,0,0
487,Sud-Kivu,Shabunda,Shabunda,Bureau,OCHA Shabunda,11-Jan,1/4/11,,0,0,0
488,Sud-Kivu,Walungu,Ikoma,Voie publique,Village COBAYE,11-Jan,1/11/11,Embuscade,0,0,0
489,Sud-Kivu,Communes of Bukavu,Bukavu,Voie publique,EAUR,11-Jan,1/13/11,Agressions ,0,0,0
490,Sud-Kivu,Shabunda,Kiseku,Voie publique,UNOPS,11-Feb,2/1/11,,0,0,0
491,Sud-Kivu,Fizi,Malinde1,Voie publique,NRC,11-Feb,2/2/11,,0,0,0
492,Sud-Kivu,Shabunda,Pale,Voie publique,UNOPS,11-Feb,2/2/11,,0,0,0
493,Sud-Kivu,Communes of Bukavu,Bukavu,Domicile,UNDSS,11-Feb,2/6/11,,0,0,0
494,Sud-Kivu,Communes of Bukavu,Bukavu,Domicile,ICCO,11-Feb,2/21/11,,0,0,0
495,Sud-Kivu,Communes of Bukavu,Bukavu,Domicile,CICR,11-Feb,2/23/11,,0,2,0
496,Sud-Kivu,Communes of Bukavu,Bukavu,Domicile,ECC MERU,11-Feb,2/24/11,,0,0,0
497,Sud-Kivu,Kabare,Miti,Voie publique,MONUSCO,11-Feb,2/26/11,,0,0,0
498,Sud-Kivu,Uvira,Kashatu,Voie publique,CCAP,11-Feb,2/28/11,,0,0,0
499,Sud-Kivu,Kalehe,Bunyakiri,Voie publique,UNOPS,11-Mar,3/14/11,,0,0,0
500,Sud-Kivu,Fizi,Mukindja,Voie publique,Tearfund,11-Mar,3/16/11,,0,0,0
501,Sud-Kivu,Communes of Bukavu,Bukavu,Domicile,UNDSS,11-Mar,3/23/11,,0,0,0
502,Sud-Kivu,Shabunda,Shabunda,Domicile,GIZ,11-Apr,4/4/11,,0,0,0
503,Sud-Kivu,Uvira,Katobo,Voie publique,MSF,11-Apr,4/10/11,,0,0,0
504,Sud-Kivu,Walungu,Ngomo,Voie publique,MSF,11-Apr,4/10/11,,0,0,0
505,Sud-Kivu,Communes of Bukavu,Bukavu,Domicile,CICR,11-Apr,4/26/11,,0,1,0
506,Sud-Kivu,Communes of Bukavu,Bukavu,Voie publique,UNDSS,11-May,5/15/11,,0,0,0
507,Sud-Kivu,Shabunda,Byangama,Voie publique,AVSI,11-May,5/17/11,,0,0,0
508,Sud-Kivu,Shabunda,Kigulube,Voie publique,OXFAM,11-May,5/18/11,,0,0,0
509,Sud-Kivu,Fizi,Kabeya,Voie publique,ADE,11-May,5/19/11,,0,0,0
510,Sud-Kivu,Fizi,forՎt 17,Voie publique,Hope In Action,11-May,5/20/11,,0,0,0
511,Sud-Kivu,Fizi,Kalimbwe,Voie publique,AMI,11-May,5/20/11,,0,0,0
512,Sud-Kivu,Communes of Bukavu,Bukavu,Domicile,UNDSS,11-May,5/23/11,,0,0,0
513,Sud-Kivu,Fizi,Kilembwe,Voie publique,ADE,11-May,5/23/11,,0,0,0
514,Sud-Kivu,Communes of Bukavu,Bukavu,Bureau,CFIDH/D-SK,11-May,5/25/11,,0,0,0
515,Sud-Kivu,Uvira,Katobo,Voie publique,UNDSS,11-May,5/26/11,,0,0,0
516,Sud-Kivu,Uvira,Uvira,Bureau,AMCAV,11-May,5/29/11,,0,0,0
517,Sud-Kivu,Mwenga,Tubimbi,Voie publique,CAMPS,11-Jun,6/12/11,,0,0,0
518,Sud-Kivu,Fizi,Lulimba,Voie publique,ARAL,11-Jun,6/20/11,,0,0,0
519,Sud-Kivu,Uvira,Itara,Voie publique,UGEAFI,11-Jun,6/29/11,,0,0,0
520,Sud-Kivu,Mwenga,Kilungutwe,Voie publique,UNDSS,11-Aug,8/7/11,,0,1,0
521,Sud-Kivu,Uvira,Uvira,Domicile,UNDSS,11-Aug,8/7/11,,0,1,0
522,Sud-Kivu,Uvira,Marungu,Voie publique,UNDSS,11-Aug,8/8/11,,0,0,0
523,Sud-Kivu,Uvira,Uvira,Domicile,MONUSCO,11-Aug,8/20/11,,0,0,0
524,Sud-Kivu,Uvira,Uvira,Domicile,MONUSCO,11-Aug,8/20/11,,0,0,0
525,Sud-Kivu,Uvira,Runingu,Voie publique,GIZ,11-Aug,8/26/11,,0,0,0
526,Sud-Kivu,Communes of Bukavu,Bukavu,Domicile,NRC,11-Aug,8/29/11,,0,0,0
527,Sud-Kivu,Communes of Bukavu,Bukavu,Domicile,NRC,11-Aug,8/29/11,,0,0,0
528,Sud-Kivu,Uvira,Uvira,Bureau,UNDSS,11-Aug,8/29/11,,0,0,0
529,Sud-Kivu,,,Voie publique,,11-Aug,8/30/11,,0,0,0
530,Sud-Kivu,Communes of Bukavu,Bukavu,Domicile,NRC,11-Sep,9/1/11,,0,0,0
531,Sud-Kivu,Uvira,Kahololo,Voie publique,OXFAM,11-Sep,9/3/11,,0,0,0
532,Sud-Kivu,Uvira,Kahololo,Voie publique,AMI,11-Sep,9/16/11,,0,0,0
533,Sud-Kivu,Communes of Bukavu,Bukavu,Domicile,UNDSS,11-Sep,9/18/11,,0,0,0
534,Sud-Kivu,Uvira,Kahololo,Voie publique,MSF,11-Sep,9/24/11,,0,0,0
535,Sud-Kivu,Kabare,Musheshe,Voie publique,UNDSS,11-Sep,9/29/11,,0,0,0
536,Sud-Kivu,Shabunda,Lulingu,Lieu public,RRMP,11-Sep,9/29/11,,0,0,0
537,Sud-Kivu,Fizi,Malinde1,Voie publique,EBENEZER,11-Oct,10/4/11,,0,0,5
538,Sud-Kivu,Shabunda,Kigulube,Voie publique,OCHA,11-Oct,10/4/11,,0,0,0
539,Sud-Kivu,Uvira,Lemera,Voie publique,ACMEJ,11-Oct,10/4/11,,0,0,0
540,Sud-Kivu,Uvira,Uvira,Bureau,UNDSS,11-Oct,10/16/11,,0,0,0
541,Sud-Kivu,Kalehe,Hombo,Voie publique,AVSI,11-Oct,10/26/11,,0,0,0
542,Sud-Kivu,Kalehe,Kalehe,Voie publique,UNDSS,11-Nov,11/1/11,,0,0,0
543,Sud-Kivu,Fizi,Lulimba,Voie publique,UNDSS,11-Nov,11/2/11,,0,0,0
544,Sud-Kivu,Fizi,Sebele,Voie publique,FED,11-Nov,11/2/11,,0,0,0
545,Sud-Kivu,Communes of Bukavu,Bukavu,Voie publique,UNDSS,11-Nov,11/5/11,,0,0,0
546,Sud-Kivu,Uvira,Rubanga,Voie publique,AVREO,11-Nov,11/19/11,,0,0,0
547,Sud-Kivu,Communes of Bukavu,Bukavu,Voie publique,PAM,11-Dec,12/1/11,,0,0,0
548,Sud-Kivu,Communes of Bukavu,Bukavu,Domicile,UNDSS,11-Dec,12/1/11,,0,0,0
549,Sud-Kivu,Communes of Bukavu,Bukavu,Bureau,UNDSS,11-Dec,12/16/11,,0,0,0
550,Sud-Kivu,Mwenga,Mikenge,Domicile,IRC,11-Dec,12/18/11,,0,0,0
551,Sud-Kivu,Uvira,Uvira,Domicile,UNDSS,11-Dec,12/23/11,,0,0,0
552,Sud-Kivu,Uvira,Uvira,Domicile,PAM,11-Dec,12/23/11,,0,0,0
553,Sud-Kivu,Communes of Bukavu,Bukavu,Voie publique,UNDSS,11-Dec,12/28/11,,0,0,0
